Step,PushCube-v1__reach-tanh__gate-hard__term-hard_jump__ppo_fast__123__1773258552 - eval/success_once,PushCube-v1__reach-tanh__gate-hard__term-hard_jump__ppo_fast__123__1773258552 - eval/success_at_end,PushCube-v1__reach-tanh__gate-hard__term-hard_jump__ppo_fast__123__1773258552 - eval/return,PushCube-v1__reach-tanh__gate-hard__term-hard_jump__ppo_fast__123__1773258552 - train/return,PushCube-v1__reach-tanh__gate-hard__term-hard_jump__ppo_fast__123__1773258552 - train/success_once,PushCube-v1__reach-tanh__gate-hard__term-hard_jump__ppo_fast__42__1773257815 - eval/success_once,PushCube-v1__reach-tanh__gate-hard__term-hard_jump__ppo_fast__42__1773257815 - eval/success_at_end,PushCube-v1__reach-tanh__gate-hard__term-hard_jump__ppo_fast__42__1773257815 - eval/return,PushCube-v1__reach-tanh__gate-hard__term-hard_jump__ppo_fast__42__1773257815 - train/return,PushCube-v1__reach-tanh__gate-hard__term-hard_jump__ppo_fast__42__1773257815 - train/success_once,PushCube-v1__reach-tanh__gate-hard__term-hard_jump__ppo_fast__1__1773256946 - eval/success_once,PushCube-v1__reach-tanh__gate-hard__term-hard_jump__ppo_fast__1__1773256946 - eval/success_at_end,PushCube-v1__reach-tanh__gate-hard__term-hard_jump__ppo_fast__1__1773256946 - eval/return,PushCube-v1__reach-tanh__gate-hard__term-hard_jump__ppo_fast__1__1773256946 - train/return,PushCube-v1__reach-tanh__gate-hard__term-hard_jump__ppo_fast__1__1773256946 - train/success_once,PushCube-v1__reach-adaptive_tanh_episode__gate-hard__term-hard_jump__ppo_fast__123__1773256074 - eval/success_once,PushCube-v1__reach-adaptive_tanh_episode__gate-hard__term-hard_jump__ppo_fast__123__1773256074 - eval/success_at_end,PushCube-v1__reach-adaptive_tanh_episode__gate-hard__term-hard_jump__ppo_fast__123__1773256074 - eval/return,PushCube-v1__reach-adaptive_tanh_episode__gate-hard__term-hard_jump__ppo_fast__123__1773256074 - train/return,PushCube-v1__reach-adaptive_tanh_episode__gate-hard__term-hard_jump__ppo_fast__123__1773256074 - train/success_once,PushCube-v1__reach-adaptive_tanh_episode__gate-hard__term-hard_jump__ppo_fast__42__1773254993 - eval/success_once,PushCube-v1__reach-adaptive_tanh_episode__gate-hard__term-hard_jump__ppo_fast__42__1773254993 - eval/success_at_end,PushCube-v1__reach-adaptive_tanh_episode__gate-hard__term-hard_jump__ppo_fast__42__1773254993 - eval/return,PushCube-v1__reach-adaptive_tanh_episode__gate-hard__term-hard_jump__ppo_fast__42__1773254993 - train/return,PushCube-v1__reach-adaptive_tanh_episode__gate-hard__term-hard_jump__ppo_fast__42__1773254993 - train/success_once,PushCube-v1__reach-adaptive_tanh_episode__gate-hard__term-hard_jump__ppo_fast__1__1773251864 - eval/success_once,PushCube-v1__reach-adaptive_tanh_episode__gate-hard__term-hard_jump__ppo_fast__1__1773251864 - eval/success_at_end,PushCube-v1__reach-adaptive_tanh_episode__gate-hard__term-hard_jump__ppo_fast__1__1773251864 - eval/return,PushCube-v1__reach-adaptive_tanh_episode__gate-hard__term-hard_jump__ppo_fast__1__1773251864 - train/return,PushCube-v1__reach-adaptive_tanh_episode__gate-hard__term-hard_jump__ppo_fast__1__1773251864 - train/success_once
0.0,0.0,0.0,5.047704696655273,3.888705253601074,0.0,0.0,0.0,4.860595703125,3.806779384613037,0.0,0.0,0.0,5.0345940589904785,3.9861044883728027,0.0,0.0,0.0,2.072458028793335,2.0159506797790527,0.0,0.0,0.0,1.9940344095230103,2.0269129276275635,0.0,0.0,0.0,2.0712738037109375,2.0521788597106934,0.0
12800.0,,,,4.884552955627441,0.0,,,,4.898874282836914,0.0,,,,4.709920883178711,0.0,,,,2.325863838195801,0.0,,,,2.3822031021118164,0.0,,,,2.181159257888794,0.0
25600.0,,,,6.042726039886475,0.0,,,,6.298437118530273,0.0,,,,6.206888198852539,0.0,,,,2.546926259994507,0.0,,,,2.6139094829559326,0.0,,,,2.6117963790893555,0.0
38400.0,,,,7.310548782348633,0.0,,,,7.1946330070495605,0.0,,,,7.244131088256836,0.0,,,,3.042435646057129,0.0,,,,2.9231667518615723,0.0,,,,3.0088624954223633,0.0
51200.0,,,,8.36412239074707,0.0,,,,8.467334747314453,0.0,,,,8.06887435913086,0.004032257944345474,,,,3.5311295986175537,0.0,,,,3.51369047164917,0.0,,,,3.4947023391723633,0.0
64000.0,,,,9.126081466674805,0.008097166195511818,,,,9.040299415588379,0.0,,,,8.942361831665039,0.0,,,,3.790093183517456,0.0,,,,3.959059476852417,0.0,,,,3.8369240760803223,0.0
76800.0,,,,9.601956367492676,0.0,,,,9.474790573120117,0.004651162773370743,,,,9.21399974822998,0.0,,,,4.285675048828125,0.004000000189989805,,,,4.367021083831787,0.0,,,,4.244637489318848,0.0
89600.0,,,,9.921091079711914,0.004385964944958687,,,,9.524917602539062,0.005434782709926367,,,,9.475987434387207,0.004830917809158564,,,,4.452483177185059,0.0,,,,4.970285892486572,0.0,,,,4.912118434906006,0.0
102400.0,,,,9.963814735412598,0.0,,,,9.639636993408203,0.013071895577013493,,,,9.765899658203125,0.005681818351149559,,,,5.07436466217041,0.0,,,,5.305438041687012,0.004444444552063942,,,,5.28541374206543,0.0042553190141916275
115200.0,,,,10.402961730957031,0.0,,,,9.7725191116333,0.0,,,,9.863265991210938,0.0211267601698637,,,,5.476987361907959,0.0,,,,6.068653106689453,0.0047846888191998005,,,,6.031139850616455,0.0044052861630916595
128000.0,,,,10.50751781463623,0.0,,,,9.96005630493164,0.03703703731298447,,,,10.244725227355957,0.0,,,,6.199813365936279,0.004629629664123058,,,,6.395046234130859,0.0,,,,6.282205581665039,0.0
140800.0,,,,10.202911376953125,0.0,,,,10.321626663208008,0.017543859779834747,,,,9.905000686645508,0.03614457696676254,,,,6.318747520446777,0.005181347019970417,,,,6.62609338760376,0.0,,,,6.342272758483887,0.005376344081014395
153600.0,,,,9.933516502380371,0.05263157933950424,,,,9.959687232971191,0.09375,,,,10.734842300415039,0.06557376682758331,,,,6.576157093048096,0.0060606058686971664,,,,6.607244491577148,0.006493506487458944,,,,6.466911792755127,0.012578615918755531
166400.0,,,,8.886568069458008,0.0,,,,10.090169906616211,0.0476190485060215,,,,10.306135177612305,0.025641025975346565,,,,6.78825569152832,0.02255639061331749,,,,6.98561954498291,0.0,,,,6.499959468841553,0.0
179200.0,,,,9.507665634155273,0.23529411852359772,,,,11.694411277770996,0.4000000059604645,,,,9.965307235717773,0.21739131212234497,,,,6.366684436798096,0.0,,,,7.051787376403809,0.009615384973585606,,,,6.649166584014893,0.010204081423580647
192000.0,,,,9.134921073913574,0.2777777910232544,,,,9.947153091430664,0.3333333432674408,,,,9.541430473327637,0.1764705926179886,,,,6.982451438903809,0.024390242993831635,,,,6.933592796325684,0.0,,,,6.846263408660889,0.016129031777381897
204800.0,,,,8.903013229370117,0.3125,,,,9.018274307250977,0.5714285969734192,,,,9.586079597473145,0.30000001192092896,,,,7.60399866104126,0.017543859779834747,,,,7.167669296264648,0.0535714328289032,,,,7.018277645111084,0.11363636702299118
217600.0,,,,9.341629028320312,0.1666666716337204,,,,9.551809310913086,0.4000000059604645,,,,8.589444160461426,0.6666666865348816,,,,6.876873970031738,0.07500000298023224,,,,6.785462856292725,0.0,,,,7.172986030578613,0.0833333358168602
230400.0,,,,9.091358184814453,0.27272728085517883,,,,9.108932495117188,0.9090909361839294,,,,9.795944213867188,0.375,,,,7.489630222320557,0.043478261679410934,,,,7.724965572357178,0.1666666716337204,,,,7.0122904777526855,0.0
243200.0,,,,9.12913703918457,0.3333333432674408,,,,7.61049222946167,0.4444444477558136,,,,9.066601753234863,0.5,,,,6.843523979187012,0.11764705926179886,,,,7.551568508148193,0.2857142984867096,,,,6.914487838745117,0.25
256000.0,,,,7.604641437530518,0.2222222238779068,,,,8.453874588012695,0.6363636255264282,,,,7.534198760986328,0.75,,,,7.806990623474121,0.0,,,,7.43459415435791,0.1818181872367859,,,,7.375544548034668,0.5
268800.0,,,,9.869607925415039,0.6666666865348816,,,,7.807670593261719,0.6000000238418579,,,,6.721948623657227,0.6666666865348816,,,,6.3473992347717285,0.30000001192092896,,,,7.511350154876709,0.3636363744735718,,,,8.059168815612793,0.5
281600.0,,,,6.9814066886901855,0.75,,,,6.706349849700928,0.6666666865348816,,,,7.426403045654297,1.0,,,,6.869174003601074,0.3333333432674408,,,,5.419672012329102,0.375,,,,7.223793029785156,0.6000000238418579
294400.0,,,,6.975666046142578,0.800000011920929,,,,9.136301040649414,0.5,,,,6.321115493774414,0.75,,,,7.8302812576293945,0.5714285969734192,,,,6.311216354370117,0.5714285969734192,,,,6.546048641204834,0.1666666716337204
307200.0,,,,8.265471458435059,0.5,,,,8.409417152404785,0.7142857313156128,,,,8.695304870605469,0.5,,,,6.4780426025390625,0.4000000059604645,,,,5.424275875091553,0.4545454680919647,,,,6.955912113189697,0.8571429252624512
320000.0,0.9375,0.5625,31.319190979003906,8.143590927124023,0.5833333730697632,0.875,0.6875,31.23362922668457,6.715892791748047,0.8333333730697632,0.9375,0.6875,36.8150634765625,8.817118644714355,0.6666666865348816,0.875,0.75,29.266277313232422,6.896919250488281,0.6000000238418579,0.6875,0.625,26.812606811523438,5.876852512359619,0.4444444477558136,0.25,0.25,13.951948165893555,7.00360107421875,0.3333333432674408
332800.0,,,,10.881697654724121,0.30000001192092896,,,,7.312856197357178,0.7272727489471436,,,,6.848525047302246,0.8333333730697632,,,,7.2724223136901855,0.0,,,,7.013485908508301,0.8333333730697632,,,,6.90042781829834,0.625
345600.0,,,,6.350890159606934,1.0,,,,7.264917850494385,0.7272727489471436,,,,7.298046112060547,0.6363636255264282,,,,6.647099494934082,0.6000000238418579,,,,5.620431423187256,0.7777777910232544,,,,5.765845775604248,0.20000000298023224
358400.0,,,,7.173024654388428,0.8333333730697632,,,,6.725216388702393,0.4545454680919647,,,,8.01550579071045,0.5714285969734192,,,,6.7957763671875,0.4000000059604645,,,,6.124594688415527,0.5555555820465088,,,,8.296585083007812,0.6666666865348816
371200.0,,,,8.486226081848145,0.4285714626312256,,,,7.904672622680664,0.5555555820465088,,,,6.986042499542236,0.7272727489471436,,,,6.39265775680542,1.0,,,,6.454519271850586,0.2857142984867096,,,,6.58659029006958,0.625
384000.0,,,,8.680727005004883,0.3333333432674408,,,,6.901601314544678,0.75,,,,8.40627670288086,0.6153846383094788,,,,7.964921474456787,0.8333333730697632,,,,7.167598724365234,0.5714285969734192,,,,6.00592041015625,0.6666666865348816
396800.0,,,,6.722936153411865,0.75,,,,6.124478816986084,0.7777777910232544,,,,7.8477091789245605,0.5384615659713745,,,,6.027931213378906,0.3333333432674408,,,,6.43448543548584,1.0,,,,5.644472599029541,0.699999988079071
409600.0,,,,8.443733215332031,0.5454545617103577,,,,6.611189842224121,0.8333333730697632,,,,6.8716583251953125,0.7272727489471436,,,,5.399537563323975,1.0,,,,6.728945732116699,0.0,,,,6.619566917419434,0.6666666865348816
422400.0,,,,6.70479154586792,0.8333333730697632,,,,4.86688756942749,0.9000000357627869,,,,8.094008445739746,0.5833333730697632,,,,5.726068019866943,1.0,,,,7.145312309265137,0.6666666865348816,,,,5.719142913818359,1.0
435200.0,,,,8.317534446716309,0.5714285969734192,,,,5.442934036254883,1.0,,,,6.850985050201416,0.9090909361839294,,,,6.3033857345581055,0.800000011920929,,,,5.638664245605469,0.6000000238418579,,,,6.665010452270508,0.6666666865348816
448000.0,,,,5.69252872467041,1.0,,,,7.225008964538574,0.75,,,,6.684183120727539,0.7692307829856873,,,,6.633738994598389,0.4444444477558136,,,,6.1700592041015625,1.0,,,,6.397075176239014,0.6666666865348816
460800.0,,,,6.911505222320557,0.800000011920929,,,,6.998907566070557,0.692307710647583,,,,7.7813873291015625,0.5555555820465088,,,,6.254480361938477,0.6153846383094788,,,,6.246507167816162,0.4285714626312256,,,,6.27935791015625,0.8333333730697632
473600.0,,,,6.356189727783203,0.8333333730697632,,,,7.707297325134277,0.5555555820465088,,,,6.367251396179199,0.75,,,,5.838888645172119,0.6153846383094788,,,,5.416536331176758,0.625,,,,5.823239803314209,0.800000011920929
486400.0,,,,6.988942623138428,0.6666666865348816,,,,7.59389066696167,0.6666666865348816,,,,7.211528778076172,0.7272727489471436,,,,5.9905571937561035,0.6000000238418579,,,,7.0329718589782715,0.5833333730697632,,,,5.554622173309326,0.7142857313156128
499200.0,,,,7.769803047180176,0.5,,,,6.315309047698975,0.8888888955116272,,,,6.487861633300781,0.800000011920929,,,,7.391604900360107,0.5555555820465088,,,,8.400284767150879,0.625,,,,5.383619785308838,1.0
512000.0,,,,7.703705310821533,0.6153846383094788,,,,6.756228923797607,0.7142857313156128,,,,7.081620693206787,0.6428571939468384,,,,5.861944198608398,0.8181818723678589,,,,6.197775840759277,0.625,,,,6.493690490722656,0.75
524800.0,,,,6.410578727722168,0.875,,,,4.354029178619385,1.0,,,,5.738447666168213,0.8888888955116272,,,,6.431029796600342,0.7272727489471436,,,,6.607886791229248,0.5454545617103577,,,,6.074670314788818,0.875
537600.0,,,,6.237745761871338,0.9000000357627869,,,,6.163683891296387,0.6363636255264282,,,,7.626706600189209,0.5625,,,,6.0596604347229,0.4000000059604645,,,,5.997190475463867,0.692307710647583,,,,5.943213939666748,0.875
550400.0,,,,6.4174418449401855,0.75,,,,6.42499303817749,0.8333333730697632,,,,10.578126907348633,0.25,,,,5.440382957458496,1.0,,,,6.681532382965088,0.800000011920929,,,,5.686030387878418,0.8333333730697632
563200.0,,,,7.292542457580566,0.6666666865348816,,,,7.389717102050781,0.6000000238418579,,,,5.961349964141846,0.785714328289032,,,,5.898350238800049,0.625,,,,5.987957954406738,0.9230769872665405,,,,5.618124008178711,0.7777777910232544
576000.0,,,,6.0817389488220215,0.8571429252624512,,,,6.918931484222412,0.7272727489471436,,,,6.753334999084473,0.6363636255264282,,,,5.653806686401367,0.75,,,,6.925929546356201,0.5,,,,6.144766807556152,0.3333333432674408
588800.0,,,,5.551353931427002,0.875,,,,5.798509120941162,0.8181818723678589,,,,5.602230072021484,0.9166666865348816,,,,5.059903144836426,1.0,,,,5.999016761779785,0.75,,,,6.061793804168701,0.8333333730697632
601600.0,,,,6.646352767944336,0.7142857313156128,,,,6.159818649291992,0.75,,,,8.024831771850586,0.5555555820465088,,,,5.2771430015563965,0.8571429252624512,,,,5.494404315948486,0.875,,,,6.58867883682251,0.5714285969734192
614400.0,,,,6.5436906814575195,0.785714328289032,,,,8.171100616455078,0.5384615659713745,,,,7.148068428039551,0.6666666865348816,,,,6.099860668182373,0.8235294222831726,,,,6.495129585266113,0.699999988079071,,,,7.039491176605225,0.6666666865348816
627200.0,,,,6.821846008300781,0.699999988079071,,,,7.209908485412598,0.5,,,,5.270125389099121,0.9166666865348816,,,,6.600559711456299,0.4545454680919647,,,,6.043709754943848,0.875,,,,5.383444309234619,0.6666666865348816
640000.0,0.875,0.125,27.287490844726562,7.178477764129639,0.699999988079071,1.0,0.5,34.29032897949219,5.750735282897949,0.75,0.5625,0.0625,20.35116195678711,4.641854763031006,1.0,0.75,0.375,27.339385986328125,5.9066081047058105,0.7142857313156128,1.0,0.8125,39.80158996582031,5.496407508850098,1.0,0.8125,0.8125,32.46282958984375,6.201013565063477,0.625
652800.0,,,,6.176321983337402,0.8125,,,,6.428552150726318,0.8571429252624512,,,,5.589177131652832,0.8461538553237915,,,,6.132495880126953,0.800000011920929,,,,5.934632778167725,0.875,,,,5.2865190505981445,0.75
665600.0,,,,6.287844657897949,0.8181818723678589,,,,4.865507125854492,1.0,,,,5.213953495025635,0.875,,,,6.364706993103027,0.6428571939468384,,,,6.155280590057373,0.7692307829856873,,,,7.177608489990234,0.6363636255264282
678400.0,,,,5.224952697753906,0.9166666865348816,,,,4.543781757354736,1.0,,,,6.573729991912842,0.75,,,,5.02473783493042,0.9090909361839294,,,,5.020373821258545,0.9230769872665405,,,,5.9748921394348145,0.800000011920929
691200.0,,,,4.617939472198486,1.0,,,,4.507432460784912,1.0,,,,6.612422943115234,0.75,,,,5.995260238647461,0.7142857313156128,,,,6.258964538574219,0.6666666865348816,,,,4.662102699279785,1.0
704000.0,,,,5.90848970413208,0.8235294222831726,,,,7.990245342254639,0.7692307829856873,,,,6.559604167938232,0.7777777910232544,,,,5.6484270095825195,0.8571429252624512,,,,5.757628440856934,0.9166666865348816,,,,5.900248050689697,0.8888888955116272
716800.0,,,,8.237037658691406,0.5,,,,4.92922306060791,1.0,,,,5.852266788482666,0.8571429252624512,,,,6.079518795013428,0.75,,,,5.422914505004883,0.944444477558136,,,,5.22789192199707,0.875
729600.0,,,,5.411685943603516,0.875,,,,6.034326076507568,0.7777777910232544,,,,7.432553291320801,0.6000000238418579,,,,5.525796890258789,0.9230769872665405,,,,5.2099714279174805,0.8666667342185974,,,,5.211938858032227,1.0
742400.0,,,,7.4689178466796875,0.6666666865348816,,,,6.416835784912109,0.7272727489471436,,,,6.059895992279053,0.7777777910232544,,,,5.9098639488220215,0.5,,,,6.51725435256958,0.7692307829856873,,,,5.280526161193848,0.75
755200.0,,,,6.2821550369262695,0.75,,,,5.780990123748779,0.8333333730697632,,,,5.507328987121582,0.800000011920929,,,,4.993772983551025,0.75,,,,5.597292423248291,0.8888888955116272,,,,5.616319179534912,0.875
768000.0,,,,5.318113327026367,0.9090909361839294,,,,5.802285194396973,0.8461538553237915,,,,4.726114273071289,0.75,,,,5.28184700012207,0.8333333730697632,,,,6.196645259857178,0.8095238208770752,,,,5.460421562194824,0.8235294222831726
780800.0,,,,4.393328666687012,0.8888888955116272,,,,6.066389560699463,0.8000000715255737,,,,5.103333473205566,0.8571429252624512,,,,5.848611354827881,0.75,,,,6.9711079597473145,0.625,,,,5.395506381988525,0.9000000357627869
793600.0,,,,4.655784606933594,1.0,,,,5.304880619049072,0.8888888955116272,,,,4.601027965545654,0.8888888955116272,,,,5.042629241943359,0.8461538553237915,,,,5.770139217376709,0.699999988079071,,,,6.33958101272583,0.8235294222831726
806400.0,,,,4.919710636138916,1.0,,,,5.632026195526123,0.8333333134651184,,,,8.166366577148438,0.5,,,,5.938310146331787,0.75,,,,5.288630962371826,0.9411764740943909,,,,6.758214950561523,0.6000000238418579
819200.0,,,,5.6113433837890625,0.8333333730697632,,,,7.93155574798584,0.4166666865348816,,,,5.867419242858887,0.8333333730697632,,,,6.717676639556885,0.6666666865348816,,,,4.962042331695557,1.0,,,,5.254597187042236,0.9230769872665405
832000.0,,,,5.572901725769043,0.8333333730697632,,,,5.183849811553955,1.0,,,,7.615244388580322,0.4444444477558136,,,,5.148985385894775,0.9000000357627869,,,,5.970442771911621,0.8235294222831726,,,,4.981061935424805,0.9285714626312256
844800.0,,,,5.751167297363281,0.8461538553237915,,,,5.367255210876465,0.9000000357627869,,,,4.272829055786133,1.0,,,,5.081254482269287,1.0,,,,7.125870704650879,0.692307710647583,,,,5.200055122375488,0.699999988079071
857600.0,,,,4.858078479766846,0.9230769872665405,,,,4.300408363342285,1.0,,,,4.390450954437256,0.9090909361839294,,,,5.2942328453063965,0.6666666865348816,,,,4.690219402313232,0.9166666865348816,,,,5.023080825805664,0.944444477558136
870400.0,,,,5.248490333557129,0.8888888955116272,,,,4.917933464050293,0.9411764740943909,,,,4.1267242431640625,0.8888888955116272,,,,5.35897970199585,0.8571429252624512,,,,5.547127723693848,0.8571429252624512,,,,6.30273962020874,0.8333333730697632
883200.0,,,,6.149148464202881,0.8333333730697632,,,,6.066544532775879,0.75,,,,5.017417907714844,0.8888888955116272,,,,6.997454643249512,0.5833333730697632,,,,5.538456916809082,0.9375,,,,4.6220173835754395,0.8333333134651184
896000.0,,,,5.633706569671631,0.8333333730697632,,,,5.798922538757324,0.800000011920929,,,,5.8419647216796875,0.8181818723678589,,,,5.483332633972168,0.9090909361839294,,,,6.061121940612793,0.8181818723678589,,,,4.56407356262207,1.0
908800.0,,,,6.112086772918701,0.761904776096344,,,,6.742613792419434,0.6666666865348816,,,,5.377421855926514,0.75,,,,5.198269844055176,0.875,,,,5.0227789878845215,0.8823529481887817,,,,5.316553115844727,1.0
921600.0,,,,6.675496578216553,0.75,,,,5.633859634399414,0.875,,,,4.758936405181885,1.0,,,,4.785914421081543,0.9090909361839294,,,,7.469906806945801,0.5,,,,5.642557621002197,0.8181818723678589
934400.0,,,,5.56990385055542,0.8500000238418579,,,,6.915984630584717,0.699999988079071,,,,5.514894962310791,0.800000011920929,,,,5.3140740394592285,0.8461538553237915,,,,4.820040702819824,0.9090909361839294,,,,5.098129749298096,0.8947368264198303
947200.0,,,,4.503286838531494,0.9545454978942871,,,,4.6715922355651855,0.9090909361839294,,,,4.728070259094238,0.8461538553237915,,,,5.9209184646606445,0.699999988079071,,,,6.13478422164917,0.8823529481887817,,,,4.937510013580322,0.8333333730697632
960000.0,1.0,0.8125,38.03361892700195,5.705080032348633,0.7692307829856873,0.9375,0.3125,29.33492660522461,4.698604106903076,0.9411764740943909,1.0,0.25,28.76388931274414,7.190759658813477,0.5384615659713745,0.8125,0.1875,24.5057315826416,4.621777534484863,0.9000000357627869,1.0,0.5,33.29985809326172,5.798834323883057,0.800000011920929,1.0,0.0625,27.018875122070312,4.756902694702148,1.0
972800.0,,,,5.420180320739746,0.8888888955116272,,,,5.735212326049805,0.75,,,,6.278147220611572,0.785714328289032,,,,5.075462341308594,0.75,,,,4.822473049163818,0.8333333730697632,,,,4.895717620849609,1.0
985600.0,,,,4.1090216636657715,1.0,,,,4.315106391906738,1.0,,,,4.476444244384766,1.0,,,,5.267173767089844,0.75,,,,5.329797267913818,0.9000000357627869,,,,5.508081912994385,0.785714328289032
998400.0,,,,4.999126434326172,0.8666667342185974,,,,5.152368068695068,0.9090909361839294,,,,5.385526657104492,0.875,,,,4.616397380828857,0.9000000357627869,,,,5.012997150421143,0.9166666865348816,,,,6.341418266296387,0.7142857313156128
1011200.0,,,,5.579296112060547,0.8823529481887817,,,,9.50011157989502,0.4000000059604645,,,,5.603048801422119,0.8125,,,,5.200707912445068,0.8333333730697632,,,,5.082602500915527,0.9523809552192688,,,,5.3309006690979,0.9230769872665405
1024000.0,,,,6.243149757385254,0.8333333730697632,,,,4.999439716339111,0.875,,,,6.269707679748535,0.7272727489471436,,,,5.045861721038818,0.9166666865348816,,,,4.726470947265625,1.0,,,,5.632714748382568,0.9411764740943909
1036800.0,,,,5.527433395385742,0.8461538553237915,,,,3.7943644523620605,1.0,,,,4.228662490844727,1.0,,,,5.29237174987793,0.8571429252624512,,,,4.6354265213012695,0.9285714626312256,,,,5.5190582275390625,0.7647058963775635
1049600.0,,,,4.073077201843262,1.0,,,,4.642212390899658,0.9411764740943909,,,,4.819812774658203,0.9285714626312256,,,,5.5612030029296875,0.8636363744735718,,,,5.439678192138672,0.875,,,,4.95180606842041,0.944444477558136
1062400.0,,,,4.831052780151367,0.949999988079071,,,,5.660268783569336,0.8125,,,,4.791555404663086,0.9166666865348816,,,,6.025241851806641,0.699999988079071,,,,4.619224548339844,0.9230769872665405,,,,5.285684108734131,0.8666667342185974
1075200.0,,,,4.862836837768555,0.9333333969116211,,,,4.7522149085998535,0.949999988079071,,,,4.33455753326416,1.0,,,,4.625688552856445,0.9333333969116211,,,,4.575200080871582,0.875,,,,4.719498634338379,1.0
1088000.0,,,,3.8998661041259766,1.0,,,,4.240633010864258,1.0,,,,5.726995944976807,0.785714328289032,,,,5.0039544105529785,0.8461538553237915,,,,4.360857963562012,0.8125,,,,4.487287998199463,1.0
1100800.0,,,,4.2001566886901855,1.0,,,,4.796226978302002,0.9375,,,,4.529772758483887,0.9375,,,,4.7339091300964355,0.8571428656578064,,,,5.274016380310059,0.9230769872665405,,,,4.741461753845215,0.9473684430122375
1113600.0,,,,4.678603649139404,0.9285714626312256,,,,5.0173139572143555,0.8888888955116272,,,,3.9001057147979736,1.0,,,,5.018167018890381,0.800000011920929,,,,6.231696605682373,0.800000011920929,,,,4.984523773193359,0.944444477558136
1126400.0,,,,4.4674201011657715,1.0,,,,4.556567192077637,0.944444477558136,,,,4.50961971282959,0.9166666865348816,,,,4.602149486541748,0.9230769872665405,,,,4.820925235748291,1.0,,,,4.755553722381592,0.9473684430122375
1139200.0,,,,5.129643440246582,0.8421052694320679,,,,5.688541412353516,0.8823529481887817,,,,4.9831767082214355,0.8461538553237915,,,,4.206899166107178,1.0,,,,4.765946865081787,0.9411764740943909,,,,4.972865581512451,0.9333333969116211
1152000.0,,,,4.852881908416748,0.949999988079071,,,,5.624058723449707,0.8333333730697632,,,,5.210695743560791,0.8947368264198303,,,,5.008087635040283,0.8181818723678589,,,,4.944201946258545,0.9411764740943909,,,,4.65239953994751,0.9411764740943909
1164800.0,,,,4.613381862640381,0.9411764740943909,,,,4.598094940185547,0.9473684430122375,,,,4.90447473526001,0.9230769872665405,,,,4.69032621383667,0.8461538553237915,,,,4.726407051086426,1.0,,,,4.563499927520752,1.0
1177600.0,,,,4.744083404541016,0.9090909361839294,,,,4.186512470245361,1.0,,,,5.726283550262451,0.8333333134651184,,,,4.385863304138184,1.0,,,,4.3203864097595215,1.0,,,,4.885069370269775,0.9333333969116211
1190400.0,,,,4.401917457580566,0.944444477558136,,,,4.202137470245361,1.0,,,,4.108085632324219,0.9411764740943909,,,,4.703357219696045,0.9000000357627869,,,,4.7900471687316895,0.944444477558136,,,,5.427863121032715,0.8947368264198303
1203200.0,,,,4.238117694854736,0.9411764740943909,,,,4.664348125457764,0.944444477558136,,,,5.733017921447754,0.8461538553237915,,,,4.549482822418213,1.0,,,,4.704500198364258,1.0,,,,4.415945053100586,0.9090909361839294
1216000.0,,,,4.648630142211914,0.9375,,,,4.723958492279053,0.9333333969116211,,,,5.339227676391602,0.8333333730697632,,,,4.58817195892334,0.9375,,,,4.717138290405273,0.9285714626312256,,,,5.2239251136779785,0.9523809552192688
1228800.0,,,,4.577259540557861,0.9333333969116211,,,,4.356133937835693,0.9473684430122375,,,,4.356256008148193,0.9583333730697632,,,,4.74487829208374,0.9333333969116211,,,,4.287458419799805,1.0,,,,4.525334358215332,0.9333333969116211
1241600.0,,,,4.231495380401611,0.95652174949646,,,,5.045532703399658,0.8947368264198303,,,,6.071277141571045,0.800000011920929,,,,4.512901306152344,1.0,,,,4.439098834991455,1.0,,,,4.781161785125732,1.0
1254400.0,,,,4.43642520904541,0.9285714626312256,,,,5.250551700592041,0.9090909361839294,,,,5.615637302398682,0.8333333134651184,,,,4.540476322174072,1.0,,,,4.387393951416016,0.9473684430122375,,,,4.775241374969482,1.0
1267200.0,,,,5.053659439086914,0.9230769872665405,,,,4.745567321777344,0.9285714626312256,,,,4.768640041351318,0.875,,,,4.344604969024658,1.0,,,,4.869913578033447,1.0,,,,5.010096073150635,0.944444477558136
1280000.0,1.0,0.4375,29.980602264404297,4.439929962158203,1.0,1.0,0.4375,31.778919219970703,4.062509536743164,0.9375,1.0,0.125,29.41057586669922,5.111557960510254,0.9411764740943909,1.0,0.625,34.733848571777344,4.3323564529418945,1.0,1.0,0.25,33.522300720214844,4.5293288230896,0.9285714626312256,1.0,0.3125,33.3636474609375,4.351983070373535,1.0
1292800.0,,,,4.5090179443359375,1.0,,,,4.832606792449951,0.8888888955116272,,,,5.89669132232666,0.8461538553237915,,,,4.781708717346191,0.9599999785423279,,,,4.363790988922119,1.0,,,,4.487720489501953,0.875
1305600.0,,,,6.163127422332764,0.7692307829856873,,,,4.7446675300598145,0.9375,,,,4.387816429138184,1.0,,,,5.203941345214844,0.8333333730697632,,,,5.023972034454346,0.9333333969116211,,,,4.939647674560547,0.9473684430122375
1318400.0,,,,4.732560157775879,0.944444477558136,,,,4.682798862457275,0.9375,,,,5.067594051361084,0.9000000357627869,,,,4.610913276672363,1.0,,,,5.406926155090332,0.8461538553237915,,,,4.316096782684326,1.0
1331200.0,,,,4.3919677734375,1.0,,,,5.0227508544921875,0.8823529481887817,,,,4.706291198730469,0.9411764740943909,,,,4.944437503814697,0.9375,,,,4.7323317527771,0.9411764740943909,,,,4.849856376647949,0.9090909361839294
1344000.0,,,,4.158695220947266,1.0,,,,5.1357526779174805,0.9090909361839294,,,,5.314854621887207,0.8947368264198303,,,,4.398069381713867,1.0,,,,4.398324489593506,1.0,,,,4.492667198181152,0.9230769872665405
1356800.0,,,,4.225148677825928,1.0,,,,3.9836881160736084,1.0,,,,4.825901031494141,0.949999988079071,,,,4.575571060180664,0.9599999785423279,,,,4.55898380279541,1.0,,,,5.165760040283203,0.9375
1369600.0,,,,4.176309108734131,1.0,,,,4.548725128173828,0.9230769872665405,,,,4.8383259773254395,0.9090909361839294,,,,4.218755722045898,1.0,,,,4.846461772918701,1.0,,,,4.415805816650391,0.9411764740943909
1382400.0,,,,4.179027557373047,1.0,,,,5.029973983764648,0.9166666865348816,,,,5.164406776428223,0.8181818723678589,,,,4.903914451599121,1.0,,,,4.428536415100098,0.8947368264198303,,,,4.1338324546813965,1.0
1395200.0,,,,3.962082624435425,1.0,,,,4.1695170402526855,1.0,,,,4.678640365600586,0.944444477558136,,,,4.501986980438232,0.9230769872665405,,,,4.656504154205322,1.0,,,,4.734373569488525,0.9090909361839294
1408000.0,,,,4.164580345153809,1.0,,,,4.71956205368042,0.9333333969116211,,,,4.631444454193115,0.9333333969116211,,,,5.391456604003906,0.9166666865348816,,,,4.265979766845703,1.0,,,,4.565418243408203,1.0
1420800.0,,,,4.77283239364624,0.9375,,,,4.291841506958008,1.0,,,,4.37251091003418,0.9411764740943909,,,,4.229279518127441,1.0,,,,4.44974422454834,0.9285714626312256,,,,4.52438497543335,0.9473684430122375
1433600.0,,,,3.913670301437378,1.0,,,,4.140670299530029,0.9333333969116211,,,,4.331747531890869,0.9473684430122375,,,,3.988661527633667,1.0,,,,4.361688137054443,1.0,,,,4.365277290344238,1.0
1446400.0,,,,4.252073764801025,0.95652174949646,,,,3.8346495628356934,1.0,,,,3.8547675609588623,1.0,,,,4.228018760681152,0.9473684430122375,,,,4.661378860473633,0.9199999570846558,,,,4.408625602722168,0.9545454978942871
1459200.0,,,,4.607142925262451,0.8823529481887817,,,,4.584778308868408,0.944444477558136,,,,4.829277992248535,0.8636363744735718,,,,4.268074035644531,0.944444477558136,,,,4.943914890289307,0.875,,,,5.272239685058594,0.8571429252624512
1472000.0,,,,3.932779312133789,1.0,,,,4.255564212799072,1.0,,,,4.129292964935303,1.0,,,,4.418633460998535,0.944444477558136,,,,4.693251132965088,1.0,,,,4.428785800933838,1.0
1484800.0,,,,4.797701835632324,0.9285714626312256,,,,4.0627241134643555,1.0,,,,4.435186386108398,1.0,,,,4.741549015045166,0.8888888955116272,,,,4.352601051330566,0.9411764740943909,,,,4.522258281707764,0.949999988079071
1497600.0,,,,4.07902717590332,0.95652174949646,,,,4.118720531463623,1.0,,,,4.237778663635254,1.0,,,,4.349770545959473,0.9473684430122375,,,,4.425920009613037,0.9583333730697632,,,,4.001139163970947,1.0
1510400.0,,,,4.608783721923828,0.9473684430122375,,,,4.365777969360352,1.0,,,,3.9425673484802246,1.0,,,,4.729650974273682,0.944444477558136,,,,4.478944778442383,0.944444477558136,,,,4.248349189758301,1.0
1523200.0,,,,3.8849852085113525,1.0,,,,4.070247650146484,1.0,,,,4.429152488708496,1.0,,,,4.649866104125977,0.9599999785423279,,,,4.298194885253906,1.0,,,,4.174020290374756,1.0
1536000.0,,,,4.594555854797363,0.9545454978942871,,,,4.5889787673950195,0.9375,,,,4.1350884437561035,1.0,,,,4.5197978019714355,0.9000000357627869,,,,4.591536045074463,0.9545454978942871,,,,4.504133224487305,1.0
1548800.0,,,,3.8660335540771484,1.0,,,,4.146316051483154,1.0,,,,5.2346978187561035,0.8571429252624512,,,,4.548425197601318,1.0,,,,4.773449897766113,0.9333333969116211,,,,4.5124921798706055,0.9375
1561600.0,,,,4.306929111480713,1.0,,,,4.310873508453369,0.949999988079071,,,,4.1187262535095215,1.0,,,,4.925673961639404,0.9411764740943909,,,,4.544608116149902,1.0,,,,4.362483501434326,1.0
1574400.0,,,,3.9956276416778564,1.0,,,,4.092713356018066,1.0,,,,4.866642951965332,0.9000000357627869,,,,4.908239364624023,0.8799999952316284,,,,4.408596992492676,0.9047619104385376,,,,4.458277225494385,0.9375
1587200.0,,,,4.1875457763671875,1.0,,,,3.926729202270508,1.0,,,,4.62723445892334,0.944444477558136,,,,4.72642183303833,0.8888888955116272,,,,4.360564708709717,1.0,,,,4.8733696937561035,0.944444477558136
1600000.0,1.0,0.75,37.113773345947266,4.494414806365967,0.949999988079071,1.0,0.375,30.626394271850586,4.594817161560059,0.9473684430122375,1.0,0.3125,33.22581481933594,4.0047101974487305,1.0,1.0,0.5,35.796836853027344,4.207975387573242,1.0,1.0,0.3125,26.067161560058594,4.534667491912842,0.9599999785423279,1.0,0.3125,32.00815963745117,4.228987216949463,1.0
1612800.0,,,,3.933419704437256,1.0,,,,4.722599029541016,0.8823529481887817,,,,4.067538738250732,1.0,,,,4.343071937561035,1.0,,,,4.748080253601074,0.9411764740943909,,,,4.2394890785217285,1.0
1625600.0,,,,4.246366024017334,1.0,,,,4.43020486831665,0.9375,,,,4.7249932289123535,0.9230769872665405,,,,4.301401138305664,1.0,,,,4.572142124176025,0.949999988079071,,,,4.33242130279541,1.0
1638400.0,,,,4.125485897064209,1.0,,,,4.263456344604492,1.0,,,,4.428310871124268,0.9714285731315613,,,,4.3854570388793945,1.0,,,,4.716493129730225,1.0,,,,4.2368879318237305,1.0
1651200.0,,,,4.576403617858887,0.95652174949646,,,,4.356936454772949,0.9583333730697632,,,,4.3981614112854,0.9545454978942871,,,,4.586302757263184,1.0,,,,4.481058120727539,1.0,,,,4.597492218017578,1.0
1664000.0,,,,4.290158748626709,1.0,,,,4.607182502746582,0.9090909361839294,,,,4.559093952178955,0.9599999785423279,,,,4.1385650634765625,1.0,,,,4.34574031829834,0.9199999570846558,,,,4.534283638000488,0.9333333969116211
1676800.0,,,,4.263682842254639,1.0,,,,4.071934700012207,1.0,,,,4.357974052429199,0.9523809552192688,,,,4.175113201141357,1.0,,,,4.159285545349121,1.0,,,,4.142169952392578,1.0
1689600.0,,,,4.1227593421936035,1.0,,,,3.9052045345306396,1.0,,,,4.117333889007568,1.0,,,,4.752540588378906,0.9090909361839294,,,,4.576578140258789,0.9583333730697632,,,,4.808097839355469,0.8500000238418579
1702400.0,,,,4.33148717880249,0.9523809552192688,,,,4.1767802238464355,1.0,,,,4.5917463302612305,0.9629629850387573,,,,4.63257360458374,0.9583333730697632,,,,4.464466094970703,0.8823529481887817,,,,4.408026218414307,1.0
1715200.0,,,,3.9973864555358887,1.0,,,,4.593867301940918,0.9545454978942871,,,,4.657757759094238,0.9473684430122375,,,,3.9302868843078613,1.0,,,,3.892580986022949,1.0,,,,4.693922996520996,0.9375
1728000.0,,,,4.363705635070801,0.95652174949646,,,,4.344963073730469,0.9411764740943909,,,,4.379687786102295,1.0,,,,4.38942813873291,1.0,,,,4.393234729766846,0.9599999785423279,,,,4.447113990783691,0.9473684430122375
1740800.0,,,,4.5814971923828125,0.9411764740943909,,,,4.0847296714782715,1.0,,,,4.139461994171143,1.0,,,,4.466917514801025,1.0,,,,4.573371887207031,0.9411764740943909,,,,4.356765270233154,1.0
1753600.0,,,,4.080039978027344,1.0,,,,3.8064308166503906,1.0,,,,4.861082553863525,0.8888888955116272,,,,4.763039588928223,0.9411764740943909,,,,4.128936767578125,0.944444477558136,,,,4.038213729858398,1.0
1766400.0,,,,4.081912994384766,1.0,,,,3.86196231842041,1.0,,,,3.9997718334198,1.0,,,,4.501029968261719,0.8947368264198303,,,,4.3570380210876465,1.0,,,,4.2610249519348145,1.0
1779200.0,,,,4.506924629211426,0.9375,,,,3.7593371868133545,1.0,,,,4.100923538208008,1.0,,,,4.245579719543457,1.0,,,,4.199501037597656,1.0,,,,4.852535724639893,0.8823529481887817
1792000.0,,,,4.216347694396973,1.0,,,,4.523015022277832,0.9333333969116211,,,,3.9531712532043457,0.949999988079071,,,,4.549105644226074,1.0,,,,4.689564228057861,0.9411764740943909,,,,4.279484748840332,1.0
1804800.0,,,,4.108606338500977,0.9629629850387573,,,,4.873307228088379,0.944444477558136,,,,4.289272308349609,0.95652174949646,,,,4.575472354888916,1.0,,,,4.6755571365356445,0.9523809552192688,,,,4.681990623474121,0.944444477558136
1817600.0,,,,4.098783493041992,1.0,,,,3.8498542308807373,1.0,,,,4.752460479736328,0.9285714626312256,,,,4.425251483917236,1.0,,,,4.59368896484375,0.9545454978942871,,,,4.328392028808594,0.9166666865348816
1830400.0,,,,4.098749160766602,1.0,,,,4.210109710693359,1.0,,,,4.384980201721191,0.949999988079071,,,,4.618422031402588,0.9411764740943909,,,,4.681363582611084,1.0,,,,4.152027130126953,1.0
1843200.0,,,,4.136711120605469,1.0,,,,3.8179543018341064,1.0,,,,3.9194867610931396,1.0,,,,4.37303352355957,1.0,,,,4.054112911224365,1.0,,,,4.0709662437438965,0.944444477558136
1856000.0,,,,4.579132080078125,0.949999988079071,,,,4.69994592666626,0.9375,,,,4.20674991607666,1.0,,,,4.3488945960998535,1.0,,,,4.722001075744629,1.0,,,,4.248812675476074,1.0
1868800.0,,,,4.1387715339660645,1.0,,,,4.0887041091918945,1.0,,,,3.7395408153533936,1.0,,,,4.804666996002197,0.944444477558136,,,,4.492847442626953,0.9166666865348816,,,,4.461114883422852,1.0
1881600.0,,,,4.264132022857666,1.0,,,,5.8689703941345215,0.8125,,,,4.533086776733398,0.9523809552192688,,,,4.655527591705322,1.0,,,,5.005736351013184,0.9629629850387573,,,,4.264519214630127,1.0
1894400.0,,,,4.621793270111084,0.944444477558136,,,,4.0566887855529785,0.95652174949646,,,,3.9837236404418945,1.0,,,,4.476593494415283,1.0,,,,4.4962053298950195,1.0,,,,4.365951061248779,1.0
1907200.0,,,,4.129615306854248,1.0,,,,4.25882625579834,0.9473684430122375,,,,3.9997506141662598,1.0,,,,4.524892807006836,0.9375,,,,4.274118423461914,1.0,,,,4.4483466148376465,0.9615384936332703
1920000.0,1.0,0.6875,36.31969451904297,4.288948059082031,1.0,1.0,0.6875,34.871097564697266,4.170374870300293,0.95652174949646,1.0,0.25,31.33367156982422,5.198794841766357,0.8571429252624512,1.0,0.375,30.609237670898438,4.118643760681152,1.0,1.0,0.875,41.32370376586914,4.540059566497803,1.0,1.0,0.5,36.305328369140625,4.6571149826049805,0.9375
1932800.0,,,,4.208064556121826,1.0,,,,4.850699424743652,0.8888888955116272,,,,3.951735734939575,1.0,,,,4.437065124511719,0.8571429252624512,,,,4.489177227020264,1.0,,,,4.353829860687256,1.0
1945600.0,,,,3.8507843017578125,1.0,,,,4.321112155914307,0.944444477558136,,,,3.7623093128204346,1.0,,,,4.0857415199279785,1.0,,,,4.277510643005371,1.0,,,,4.508968353271484,1.0
1958400.0,,,,4.180405616760254,1.0,,,,3.421454668045044,1.0,,,,4.6235456466674805,0.9166666865348816,,,,4.466087341308594,1.0,,,,4.5116448402404785,1.0,,,,4.385988235473633,1.0
1971200.0,,,,4.36245059967041,1.0,,,,3.8121581077575684,1.0,,,,3.973141670227051,1.0,,,,3.9028732776641846,1.0,,,,4.144742488861084,1.0,,,,4.514294624328613,1.0
1984000.0,,,,4.246757507324219,1.0,,,,4.027480125427246,1.0,,,,4.1726298332214355,1.0,,,,4.232267379760742,1.0,,,,4.413731098175049,1.0,,,,4.37701416015625,0.9583333730697632
1996800.0,,,,4.7038445472717285,0.9545454978942871,,,,4.6405792236328125,0.949999988079071,,,,4.606445789337158,0.949999988079071,,,,4.371585845947266,1.0,,,,5.022726058959961,0.9047619104385376,,,,4.139792442321777,1.0
2009600.0,,,,3.8506927490234375,1.0,,,,4.19119930267334,1.0,,,,4.133994102478027,1.0,,,,4.3929290771484375,0.944444477558136,,,,4.3547210693359375,1.0,,,,4.5056633949279785,1.0
2022400.0,,,,4.0189528465271,1.0,,,,4.210083961486816,1.0,,,,4.353217601776123,0.9583333730697632,,,,4.074845314025879,1.0,,,,4.205381393432617,1.0,,,,4.422738552093506,1.0
2035200.0,,,,4.121456146240234,1.0,,,,4.163433074951172,1.0,,,,3.826256275177002,1.0,,,,4.449936866760254,1.0,,,,4.447099208831787,1.0,,,,4.12628698348999,1.0
2048000.0,,,,4.225821495056152,1.0,,,,4.148295879364014,1.0,,,,3.8496201038360596,1.0,,,,4.511425971984863,1.0,,,,4.482843399047852,1.0,,,,4.2632012367248535,1.0
2060800.0,,,,4.213345527648926,1.0,,,,4.4399638175964355,1.0,,,,4.478799343109131,0.9285714626312256,,,,4.379434585571289,1.0,,,,4.655252456665039,1.0,,,,4.328752040863037,1.0
2073600.0,,,,4.111469268798828,0.9615384936332703,,,,3.6831202507019043,1.0,,,,4.48002290725708,0.9473684430122375,,,,4.133899211883545,1.0,,,,4.232085704803467,1.0,,,,4.743579387664795,1.0
2086400.0,,,,3.953486919403076,1.0,,,,4.27799654006958,1.0,,,,3.781883478164673,1.0,,,,4.359800815582275,1.0,,,,4.150027275085449,1.0,,,,4.442990779876709,1.0
2099200.0,,,,3.774074077606201,1.0,,,,3.891702890396118,1.0,,,,3.975756883621216,1.0,,,,4.382791042327881,1.0,,,,4.180384635925293,1.0,,,,4.51981782913208,1.0
2112000.0,,,,4.257244110107422,0.9615384936332703,,,,4.668560981750488,0.949999988079071,,,,3.8015177249908447,1.0,,,,4.530704498291016,0.9615384936332703,,,,3.9201114177703857,1.0,,,,4.222326755523682,1.0
2124800.0,,,,3.870187759399414,1.0,,,,4.553191661834717,1.0,,,,3.8357295989990234,1.0,,,,4.344081878662109,1.0,,,,4.452165603637695,0.9599999785423279,,,,4.249410152435303,1.0
2137600.0,,,,4.166482925415039,1.0,,,,4.0400071144104,1.0,,,,4.421914577484131,0.9473684430122375,,,,4.494098663330078,1.0,,,,4.383810997009277,1.0,,,,4.398591995239258,1.0
2150400.0,,,,3.9882607460021973,1.0,,,,4.047905445098877,1.0,,,,3.979619026184082,1.0,,,,4.413614273071289,1.0,,,,4.40948486328125,0.9545454978942871,,,,4.363666534423828,1.0
2163200.0,,,,4.398085117340088,1.0,,,,3.9119908809661865,1.0,,,,3.9822545051574707,1.0,,,,4.229287147521973,1.0,,,,4.469590663909912,0.9523809552192688,,,,4.508430480957031,1.0
2176000.0,,,,3.8772470951080322,1.0,,,,4.619742393493652,0.9166666865348816,,,,3.9645466804504395,1.0,,,,4.379709243774414,1.0,,,,4.089776992797852,1.0,,,,4.256892681121826,0.931034505367279
2188800.0,,,,4.5116167068481445,0.9333333969116211,,,,4.037639141082764,1.0,,,,3.8767402172088623,1.0,,,,4.421080112457275,1.0,,,,4.183182716369629,1.0,,,,4.509929180145264,1.0
2201600.0,,,,3.990744113922119,1.0,,,,4.347898483276367,1.0,,,,4.258504390716553,1.0,,,,4.846118927001953,0.8947368264198303,,,,4.18488073348999,1.0,,,,4.571650505065918,0.9599999785423279
2214400.0,,,,4.174876689910889,1.0,,,,4.265856742858887,1.0,,,,4.4187726974487305,1.0,,,,4.6993408203125,1.0,,,,3.980783462524414,1.0,,,,4.590938091278076,1.0
2227200.0,,,,4.270524501800537,1.0,,,,3.9951884746551514,1.0,,,,4.380120277404785,0.949999988079071,,,,4.662779331207275,0.9629629850387573,,,,4.168171405792236,1.0,,,,4.458847522735596,0.9629629850387573
2240000.0,1.0,0.1875,33.78606414794922,4.061371803283691,1.0,1.0,0.125,31.659379959106445,4.120507717132568,1.0,1.0,0.5625,33.4420166015625,4.090206146240234,1.0,1.0,0.625,35.260475158691406,4.5184102058410645,0.9629629850387573,1.0,0.8125,39.23452377319336,4.251468658447266,0.9523809552192688,1.0,0.0,21.869359970092773,4.370335578918457,1.0
2252800.0,,,,3.85280179977417,1.0,,,,4.1130852699279785,1.0,,,,4.156015872955322,1.0,,,,5.017594337463379,0.949999988079071,,,,4.2821526527404785,1.0,,,,4.456531524658203,0.9473684430122375
2265600.0,,,,4.089578628540039,1.0,,,,3.960456609725952,1.0,,,,4.311163425445557,1.0,,,,4.3859477043151855,1.0,,,,4.194992542266846,1.0,,,,4.31537389755249,1.0
2278400.0,,,,4.1601033210754395,0.9629629850387573,,,,4.441388130187988,1.0,,,,4.203588485717773,1.0,,,,4.388954162597656,1.0,,,,4.473029136657715,0.9285714626312256,,,,3.9710612297058105,1.0
2291200.0,,,,3.9065232276916504,1.0,,,,3.9502687454223633,1.0,,,,4.108363628387451,1.0,,,,4.850385665893555,0.9473684430122375,,,,4.207993984222412,0.9473684430122375,,,,3.8044564723968506,1.0
2304000.0,,,,4.07961893081665,1.0,,,,4.168981075286865,1.0,,,,4.233077526092529,1.0,,,,4.410976886749268,1.0,,,,4.15165376663208,1.0,,,,4.315686225891113,1.0
2316800.0,,,,4.3546061515808105,0.9523809552192688,,,,4.337499141693115,1.0,,,,4.480966567993164,1.0,,,,4.201693534851074,1.0,,,,4.52825403213501,1.0,,,,4.188995361328125,1.0
2329600.0,,,,3.97631573677063,1.0,,,,4.327620983123779,1.0,,,,4.070436477661133,1.0,,,,4.257115840911865,1.0,,,,4.108783721923828,1.0,,,,4.041758060455322,1.0
2342400.0,,,,3.6512210369110107,1.0,,,,4.052474498748779,1.0,,,,4.236496925354004,1.0,,,,4.413766384124756,1.0,,,,4.465786933898926,0.95652174949646,,,,4.353747844696045,0.8888888955116272
2355200.0,,,,3.761371374130249,1.0,,,,4.4764862060546875,1.0,,,,4.050946235656738,1.0,,,,4.2796244621276855,1.0,,,,4.242032051086426,1.0,,,,4.144887447357178,0.9285714626312256
2368000.0,,,,4.011724948883057,1.0,,,,4.11201286315918,1.0,,,,4.10036563873291,1.0,,,,4.26235818862915,1.0,,,,4.223433494567871,1.0,,,,4.148317813873291,1.0
2380800.0,,,,4.016974925994873,1.0,,,,4.0602850914001465,1.0,,,,4.0934038162231445,1.0,,,,4.352746486663818,1.0,,,,4.070596218109131,1.0,,,,4.014923572540283,1.0
2393600.0,,,,3.7051291465759277,1.0,,,,4.071417331695557,1.0,,,,4.221045017242432,1.0,,,,4.153006076812744,1.0,,,,4.267807960510254,1.0,,,,4.095888614654541,1.0
2406400.0,,,,3.982914447784424,1.0,,,,4.1276445388793945,1.0,,,,3.846571683883667,1.0,,,,4.248352527618408,1.0,,,,4.249791622161865,1.0,,,,4.2853803634643555,1.0
2419200.0,,,,3.795273780822754,1.0,,,,4.133717060089111,1.0,,,,4.193600177764893,1.0,,,,4.367860794067383,1.0,,,,4.525241851806641,0.9642857313156128,,,,3.8896450996398926,1.0
2432000.0,,,,3.911262035369873,1.0,,,,3.9576408863067627,1.0,,,,4.095205307006836,1.0,,,,4.313204288482666,1.0,,,,4.290579319000244,1.0,,,,4.221922397613525,1.0
2444800.0,,,,3.619739294052124,1.0,,,,4.151271343231201,1.0,,,,4.040796279907227,1.0,,,,4.251904010772705,1.0,,,,4.27092170715332,1.0,,,,4.111825466156006,1.0
2457600.0,,,,4.117382526397705,1.0,,,,4.483063697814941,0.949999988079071,,,,4.161894798278809,1.0,,,,4.526495456695557,1.0,,,,4.186686038970947,1.0,,,,4.038429260253906,1.0
2470400.0,,,,3.8825278282165527,1.0,,,,3.8085873126983643,1.0,,,,4.204966068267822,1.0,,,,4.1188483238220215,1.0,,,,4.311249256134033,1.0,,,,4.4026265144348145,1.0
2483200.0,,,,3.9921441078186035,1.0,,,,4.063494682312012,1.0,,,,4.403423309326172,1.0,,,,4.397474765777588,0.9523809552192688,,,,4.5863142013549805,1.0,,,,4.0639262199401855,1.0
2496000.0,,,,4.060318946838379,1.0,,,,3.8051209449768066,1.0,,,,4.157351970672607,1.0,,,,4.457756996154785,1.0,,,,4.530683994293213,1.0,,,,4.0890703201293945,1.0
2508800.0,,,,3.6896920204162598,1.0,,,,3.999128818511963,1.0,,,,4.157656192779541,1.0,,,,4.216818332672119,1.0,,,,4.248789310455322,1.0,,,,4.203259468078613,0.9629629850387573
2521600.0,,,,3.606743574142456,1.0,,,,4.061899662017822,1.0,,,,4.306412696838379,1.0,,,,4.572020530700684,1.0,,,,4.250410079956055,1.0,,,,4.717792510986328,0.9523809552192688
2534400.0,,,,4.007631301879883,1.0,,,,3.950881242752075,1.0,,,,4.009981155395508,1.0,,,,4.159457206726074,1.0,,,,4.04531192779541,1.0,,,,4.599577903747559,1.0
2547200.0,,,,3.9974193572998047,1.0,,,,3.8528549671173096,1.0,,,,4.0497941970825195,1.0,,,,4.326735496520996,0.9583333730697632,,,,4.3345441818237305,1.0,,,,4.119024753570557,0.9230769872665405
2560000.0,1.0,0.25,27.938283920288086,3.6429030895233154,1.0,1.0,0.3125,35.82255935668945,4.103222370147705,1.0,1.0,0.5,33.336673736572266,4.110549449920654,1.0,1.0,0.375,31.466732025146484,4.51479434967041,1.0,1.0,0.8125,38.6992301940918,4.362318515777588,1.0,1.0,0.625,36.47039031982422,4.259868144989014,1.0
2572800.0,,,,3.5618879795074463,1.0,,,,4.033504486083984,1.0,,,,4.30646276473999,1.0,,,,4.329905033111572,1.0,,,,4.537384986877441,1.0,,,,4.235983848571777,1.0
2585600.0,,,,3.755525588989258,1.0,,,,4.4384589195251465,1.0,,,,4.075494766235352,1.0,,,,4.322425365447998,1.0,,,,4.43297004699707,1.0,,,,3.8638756275177,1.0
2598400.0,,,,3.921393394470215,1.0,,,,3.9603919982910156,1.0,,,,4.452548027038574,1.0,,,,4.409298896789551,1.0,,,,4.3220086097717285,1.0,,,,4.200395107269287,1.0
2611200.0,,,,3.998927116394043,1.0,,,,3.933195114135742,1.0,,,,4.280456066131592,1.0,,,,4.5136823654174805,1.0,,,,4.0021514892578125,1.0,,,,4.016752243041992,1.0
2624000.0,,,,3.7098724842071533,1.0,,,,4.693593502044678,0.949999988079071,,,,4.030433654785156,1.0,,,,4.243106365203857,1.0,,,,4.168867588043213,1.0,,,,4.1978068351745605,1.0
2636800.0,,,,3.894585132598877,1.0,,,,4.496814727783203,0.9583333730697632,,,,4.023901462554932,1.0,,,,4.421429634094238,1.0,,,,4.402562141418457,1.0,,,,4.565523624420166,1.0
2649600.0,,,,3.627995491027832,1.0,,,,4.240040302276611,1.0,,,,4.056906223297119,1.0,,,,4.114904880523682,1.0,,,,4.563251972198486,0.9523809552192688,,,,4.051419734954834,1.0
2662400.0,,,,4.006136894226074,1.0,,,,4.1292901039123535,1.0,,,,4.696686744689941,0.949999988079071,,,,4.457019805908203,1.0,,,,4.529041767120361,1.0,,,,3.9222025871276855,1.0
2675200.0,,,,3.771392345428467,1.0,,,,4.148918151855469,1.0,,,,4.03961181640625,1.0,,,,4.100111484527588,0.9545454978942871,,,,4.3494768142700195,1.0,,,,4.050618648529053,1.0
2688000.0,,,,4.427377223968506,0.949999988079071,,,,4.0603251457214355,1.0,,,,4.2247490882873535,1.0,,,,4.238611698150635,1.0,,,,4.379745960235596,1.0,,,,4.676395416259766,0.9375
2700800.0,,,,3.7651071548461914,1.0,,,,3.916842222213745,1.0,,,,3.9996724128723145,1.0,,,,4.580087184906006,1.0,,,,4.260149955749512,1.0,,,,3.9558639526367188,1.0
2713600.0,,,,3.892124652862549,1.0,,,,4.345076560974121,1.0,,,,4.134170055389404,1.0,,,,4.183065414428711,1.0,,,,4.300068378448486,1.0,,,,4.425500869750977,1.0
2726400.0,,,,3.7541439533233643,1.0,,,,3.8970022201538086,1.0,,,,4.509697914123535,0.95652174949646,,,,4.330993175506592,1.0,,,,4.268448829650879,1.0,,,,4.150529861450195,1.0
2739200.0,,,,3.3451180458068848,1.0,,,,4.114742755889893,1.0,,,,4.2035112380981445,1.0,,,,4.329421520233154,1.0,,,,4.108073711395264,1.0,,,,3.7575716972351074,1.0
2752000.0,,,,4.015162944793701,0.95652174949646,,,,4.2771735191345215,1.0,,,,4.091585159301758,1.0,,,,4.29362678527832,1.0,,,,4.693917751312256,0.9545454978942871,,,,3.753587245941162,1.0
2764800.0,,,,3.8902549743652344,1.0,,,,4.523631572723389,0.95652174949646,,,,4.343914031982422,1.0,,,,4.472949981689453,1.0,,,,4.604867935180664,1.0,,,,4.069260597229004,1.0
2777600.0,,,,3.876020908355713,1.0,,,,4.341103553771973,0.8888888955116272,,,,4.707781791687012,0.949999988079071,,,,4.0784783363342285,1.0,,,,4.222721099853516,1.0,,,,4.102445125579834,1.0
2790400.0,,,,3.873255729675293,1.0,,,,4.172666549682617,1.0,,,,4.21237850189209,0.9583333730697632,,,,4.412266731262207,1.0,,,,4.434460163116455,1.0,,,,4.108094215393066,1.0
2803200.0,,,,3.8787879943847656,1.0,,,,3.909383773803711,1.0,,,,4.507659435272217,0.9642857313156128,,,,4.1785478591918945,1.0,,,,4.431360721588135,1.0,,,,4.097386360168457,1.0
2816000.0,,,,4.118197441101074,1.0,,,,4.319967746734619,1.0,,,,4.806440830230713,0.944444477558136,,,,3.974597692489624,1.0,,,,4.290142059326172,1.0,,,,4.0951457023620605,0.9523809552192688
2828800.0,,,,3.6695566177368164,1.0,,,,4.095578670501709,1.0,,,,4.620507717132568,1.0,,,,4.123201370239258,1.0,,,,4.270649433135986,1.0,,,,4.298470497131348,0.9523809552192688
2841600.0,,,,3.937314748764038,1.0,,,,4.375248908996582,1.0,,,,3.9958016872406006,1.0,,,,4.127925395965576,1.0,,,,4.255481719970703,1.0,,,,3.988285779953003,0.9583333730697632
2854400.0,,,,3.7156760692596436,1.0,,,,3.8476402759552,1.0,,,,4.252109050750732,1.0,,,,3.814023971557617,1.0,,,,4.1252312660217285,1.0,,,,4.335592269897461,0.9473684430122375
2867200.0,,,,3.7844927310943604,1.0,,,,4.128709316253662,1.0,,,,4.262841701507568,1.0,,,,3.9924967288970947,1.0,,,,4.192422866821289,1.0,,,,4.235691547393799,0.944444477558136
2880000.0,1.0,0.125,24.20090103149414,3.7523350715637207,1.0,1.0,0.8125,39.95491027832031,4.082082748413086,1.0,1.0,0.4375,31.16899871826172,4.271895408630371,1.0,1.0,0.25,28.13776397705078,4.291996955871582,0.9545454978942871,1.0,0.6875,37.126548767089844,4.291491985321045,1.0,1.0,0.25,30.43070411682129,4.187090873718262,1.0
2892800.0,,,,3.840451240539551,0.9615384936332703,,,,4.481077194213867,1.0,,,,4.304169654846191,1.0,,,,3.6783182621002197,1.0,,,,4.052237033843994,1.0,,,,4.098917007446289,0.9583333730697632
2905600.0,,,,4.159371852874756,1.0,,,,4.302432537078857,1.0,,,,4.332512855529785,1.0,,,,3.978306770324707,1.0,,,,4.241898536682129,1.0,,,,4.201310157775879,1.0
2918400.0,,,,3.839569568634033,1.0,,,,4.540632247924805,0.9583333730697632,,,,3.8898816108703613,1.0,,,,4.394383907318115,1.0,,,,4.098474502563477,1.0,,,,3.9137260913848877,1.0
2931200.0,,,,3.8407089710235596,1.0,,,,3.84118390083313,1.0,,,,4.0965962409973145,1.0,,,,3.9918558597564697,0.9629629850387573,,,,4.451537132263184,0.9411764740943909,,,,3.831759214401245,1.0
2944000.0,,,,3.9779295921325684,1.0,,,,3.7534806728363037,1.0,,,,4.244182109832764,1.0,,,,3.5544631481170654,1.0,,,,4.086357593536377,1.0,,,,3.8843374252319336,1.0
2956800.0,,,,4.025729656219482,1.0,,,,4.058107376098633,1.0,,,,4.142628192901611,1.0,,,,3.853912353515625,1.0,,,,4.151586055755615,1.0,,,,4.071589469909668,0.9642857313156128
2969600.0,,,,4.191338539123535,0.944444477558136,,,,3.9445672035217285,1.0,,,,4.065649509429932,1.0,,,,4.0468292236328125,1.0,,,,4.167738437652588,1.0,,,,3.679473400115967,1.0
2982400.0,,,,3.7742183208465576,1.0,,,,3.906594753265381,1.0,,,,4.612163543701172,1.0,,,,4.330250263214111,1.0,,,,4.5724968910217285,1.0,,,,3.879746198654175,1.0
2995200.0,,,,3.864804744720459,1.0,,,,3.971482038497925,1.0,,,,4.407582759857178,0.9642857313156128,,,,4.399967670440674,1.0,,,,4.322509765625,1.0,,,,4.027673721313477,1.0
3008000.0,,,,3.396512031555176,1.0,,,,4.37265682220459,1.0,,,,4.416062355041504,1.0,,,,4.1007914543151855,1.0,,,,4.375331878662109,1.0,,,,3.8487801551818848,1.0
3020800.0,,,,3.6041479110717773,1.0,,,,4.112572193145752,1.0,,,,4.118722915649414,1.0,,,,4.00860071182251,1.0,,,,4.048381805419922,1.0,,,,4.2490386962890625,1.0
3033600.0,,,,3.8510735034942627,1.0,,,,4.102146625518799,1.0,,,,4.028102397918701,1.0,,,,4.054497718811035,1.0,,,,4.27773380279541,1.0,,,,4.143078327178955,1.0
3046400.0,,,,3.7597832679748535,1.0,,,,4.054252624511719,1.0,,,,3.7451510429382324,1.0,,,,3.94331955909729,1.0,,,,4.333868503570557,1.0,,,,3.902078151702881,1.0
3059200.0,,,,3.932459592819214,1.0,,,,4.088548183441162,1.0,,,,4.272309303283691,1.0,,,,3.9160914421081543,1.0,,,,4.340606212615967,1.0,,,,3.7990684509277344,1.0
3072000.0,,,,3.924276351928711,0.9615384936332703,,,,4.06044864654541,1.0,,,,3.9561195373535156,1.0,,,,4.197494029998779,0.9583333730697632,,,,4.6531219482421875,1.0,,,,3.6577816009521484,1.0
3084800.0,,,,3.7248313426971436,1.0,,,,4.063664436340332,1.0,,,,3.939307451248169,1.0,,,,3.9402849674224854,1.0,,,,4.265267848968506,1.0,,,,3.6690759658813477,1.0
3097600.0,,,,3.8232803344726562,1.0,,,,3.961127996444702,1.0,,,,4.281462669372559,1.0,,,,4.177325248718262,1.0,,,,4.287670135498047,1.0,,,,3.675591468811035,1.0
3110400.0,,,,3.702247142791748,1.0,,,,4.56631326675415,0.9285714626312256,,,,4.265455722808838,1.0,,,,4.217357158660889,1.0,,,,4.150815963745117,1.0,,,,3.7072594165802,1.0
3123200.0,,,,3.5612969398498535,1.0,,,,3.8839547634124756,1.0,,,,3.7394840717315674,1.0,,,,4.110832691192627,1.0,,,,4.008096694946289,1.0,,,,3.8535399436950684,1.0
3136000.0,,,,3.566476345062256,1.0,,,,4.183603763580322,1.0,,,,4.165930271148682,1.0,,,,3.9878668785095215,1.0,,,,4.538403511047363,1.0,,,,3.9504005908966064,1.0
3148800.0,,,,3.6150264739990234,1.0,,,,4.109048366546631,1.0,,,,4.319709300994873,1.0,,,,4.364988327026367,1.0,,,,4.336752891540527,1.0,,,,3.8841934204101562,1.0
3161600.0,,,,3.74341082572937,1.0,,,,3.960204839706421,1.0,,,,4.13355016708374,1.0,,,,4.075032711029053,1.0,,,,4.077083110809326,1.0,,,,3.7741408348083496,1.0
3174400.0,,,,3.815983533859253,1.0,,,,4.169193744659424,1.0,,,,4.28481388092041,1.0,,,,4.097716808319092,1.0,,,,4.31678581237793,1.0,,,,3.9765803813934326,0.95652174949646
3187200.0,,,,3.7482359409332275,1.0,,,,4.08626127243042,1.0,,,,4.14500617980957,1.0,,,,4.153610706329346,1.0,,,,4.233877658843994,1.0,,,,3.8706443309783936,1.0
3200000.0,1.0,0.8125,39.419456481933594,3.7148663997650146,1.0,1.0,0.5,38.98153305053711,4.203925132751465,1.0,1.0,0.6875,34.586143493652344,4.369232177734375,0.95652174949646,1.0,0.75,38.922035217285156,3.935068368911743,1.0,1.0,0.5625,34.786529541015625,4.191997528076172,1.0,1.0,0.9375,43.24840545654297,3.442082405090332,1.0
3212800.0,,,,3.970865249633789,0.9615384936332703,,,,3.9821274280548096,1.0,,,,4.123348236083984,1.0,,,,3.7364842891693115,1.0,,,,4.338382720947266,1.0,,,,4.100757598876953,0.931034505367279
3225600.0,,,,3.745161771774292,1.0,,,,3.765676259994507,1.0,,,,3.826631546020508,1.0,,,,3.9452319145202637,1.0,,,,4.31627082824707,1.0,,,,3.930277109146118,1.0
3238400.0,,,,3.569204568862915,0.9615384936332703,,,,3.66127610206604,1.0,,,,3.8515257835388184,1.0,,,,4.080692768096924,1.0,,,,4.180289268493652,1.0,,,,3.8734376430511475,1.0
3251200.0,,,,3.813786029815674,0.9545454978942871,,,,3.695568084716797,1.0,,,,4.098021507263184,1.0,,,,4.0148491859436035,1.0,,,,4.534853935241699,1.0,,,,3.6897811889648438,1.0
3264000.0,,,,3.6396632194519043,1.0,,,,3.8723905086517334,1.0,,,,4.098538398742676,1.0,,,,3.8346056938171387,1.0,,,,4.471249103546143,1.0,,,,3.8776583671569824,1.0
3276800.0,,,,3.4718751907348633,1.0,,,,3.8617453575134277,1.0,,,,4.02423620223999,1.0,,,,4.370133399963379,0.9230769872665405,,,,4.570763111114502,0.9583333730697632,,,,3.715390205383301,1.0
3289600.0,,,,3.378990411758423,1.0,,,,4.189512729644775,1.0,,,,4.66163969039917,0.944444477558136,,,,4.135791301727295,1.0,,,,4.502812385559082,1.0,,,,3.883992910385132,0.949999988079071
3302400.0,,,,3.603980541229248,1.0,,,,4.121432781219482,1.0,,,,4.2407708168029785,1.0,,,,3.927473545074463,0.9642857313156128,,,,4.0540056228637695,1.0,,,,3.985714912414551,1.0
3315200.0,,,,3.866284132003784,1.0,,,,4.012881755828857,1.0,,,,4.353041172027588,1.0,,,,3.832627296447754,1.0,,,,4.500392913818359,1.0,,,,3.8107335567474365,1.0
3328000.0,,,,3.5778777599334717,1.0,,,,4.386343002319336,0.949999988079071,,,,4.27886962890625,1.0,,,,3.80851674079895,1.0,,,,4.074014663696289,1.0,,,,3.851912498474121,1.0
3340800.0,,,,3.6659393310546875,1.0,,,,3.668747663497925,1.0,,,,4.201684951782227,1.0,,,,3.8953022956848145,1.0,,,,4.277947425842285,1.0,,,,4.016777992248535,1.0
3353600.0,,,,4.019829273223877,1.0,,,,4.156396389007568,1.0,,,,4.715577125549316,1.0,,,,3.7073373794555664,1.0,,,,4.04436731338501,1.0,,,,3.6839866638183594,1.0
3366400.0,,,,3.8739073276519775,0.9523809552192688,,,,4.027445316314697,1.0,,,,4.211060523986816,1.0,,,,4.117738246917725,1.0,,,,4.564737319946289,0.9375,,,,3.8560566902160645,1.0
3379200.0,,,,3.5251693725585938,1.0,,,,3.761530876159668,1.0,,,,4.099058628082275,1.0,,,,3.95638108253479,1.0,,,,3.9661917686462402,1.0,,,,4.026346206665039,1.0
3392000.0,,,,3.885578155517578,0.9599999785423279,,,,3.850579023361206,1.0,,,,4.048766613006592,1.0,,,,3.4599428176879883,1.0,,,,3.690538167953491,1.0,,,,4.051412582397461,1.0
3404800.0,,,,4.3237762451171875,0.9333333969116211,,,,3.966817855834961,1.0,,,,4.113175392150879,1.0,,,,3.604933023452759,1.0,,,,4.036203861236572,1.0,,,,4.079227924346924,1.0
3417600.0,,,,3.536393642425537,1.0,,,,3.9238386154174805,1.0,,,,4.323279857635498,1.0,,,,3.7166144847869873,1.0,,,,4.052070140838623,1.0,,,,4.220349311828613,1.0
3430400.0,,,,3.772495746612549,1.0,,,,4.154988765716553,0.9629629850387573,,,,4.123160362243652,1.0,,,,3.7939207553863525,0.9333333969116211,,,,4.382579803466797,1.0,,,,3.7629587650299072,1.0
3443200.0,,,,3.7039589881896973,1.0,,,,3.874521493911743,1.0,,,,4.01126766204834,1.0,,,,3.7363297939300537,1.0,,,,4.055904388427734,1.0,,,,4.241908073425293,1.0
3456000.0,,,,3.794984817504883,1.0,,,,3.8423190116882324,1.0,,,,4.19650411605835,1.0,,,,3.6483819484710693,1.0,,,,4.134047031402588,1.0,,,,4.577498912811279,1.0
3468800.0,,,,3.5238664150238037,1.0,,,,3.913990020751953,1.0,,,,4.1904754638671875,1.0,,,,3.766965627670288,1.0,,,,4.478477954864502,0.9473684430122375,,,,4.295382499694824,0.9473684430122375
3481600.0,,,,4.003170013427734,1.0,,,,3.8790132999420166,1.0,,,,4.052433490753174,1.0,,,,3.7459075450897217,1.0,,,,4.331626892089844,1.0,,,,4.044929027557373,1.0
3494400.0,,,,3.69266414642334,1.0,,,,3.85452938079834,1.0,,,,4.186476230621338,1.0,,,,3.915011167526245,1.0,,,,4.491519927978516,1.0,,,,3.9590377807617188,1.0
3507200.0,,,,3.7918410301208496,1.0,,,,4.218904495239258,1.0,,,,3.9380879402160645,1.0,,,,3.7746453285217285,1.0,,,,4.4369378089904785,1.0,,,,3.924551486968994,1.0
3520000.0,1.0,0.9375,42.41448974609375,3.588557243347168,1.0,1.0,0.875,41.459564208984375,4.416515350341797,1.0,1.0,0.5625,35.04173278808594,4.035362243652344,1.0,1.0,0.875,40.39508056640625,3.8823812007904053,1.0,1.0,0.3125,26.788169860839844,3.999521255493164,1.0,1.0,0.8125,39.720401763916016,4.2017717361450195,0.9629629850387573
3532800.0,,,,3.496736526489258,1.0,,,,4.164364337921143,1.0,,,,4.1124677658081055,1.0,,,,3.726616382598877,1.0,,,,4.306426525115967,1.0,,,,3.8728108406066895,1.0
3545600.0,,,,3.468398332595825,1.0,,,,4.069057464599609,1.0,,,,3.935649871826172,1.0,,,,3.804915189743042,1.0,,,,3.953784942626953,0.9642857313156128,,,,3.909105062484741,1.0
3558400.0,,,,3.566516399383545,1.0,,,,3.7818801403045654,1.0,,,,4.068422794342041,1.0,,,,3.828469753265381,1.0,,,,3.975114345550537,1.0,,,,3.856532573699951,1.0
3571200.0,,,,3.4485137462615967,1.0,,,,4.103241443634033,1.0,,,,3.9353132247924805,1.0,,,,4.05718469619751,1.0,,,,4.144683837890625,1.0,,,,4.037336826324463,1.0
3584000.0,,,,3.409940481185913,1.0,,,,4.135241508483887,1.0,,,,4.013661861419678,1.0,,,,3.8870718479156494,1.0,,,,4.061614990234375,0.9375,,,,4.086262226104736,1.0
3596800.0,,,,3.531550407409668,1.0,,,,4.122260093688965,0.9666666984558105,,,,4.094069480895996,1.0,,,,3.7531516551971436,1.0,,,,4.14796781539917,1.0,,,,3.792703866958618,1.0
3609600.0,,,,4.543247699737549,0.9333333969116211,,,,4.765497207641602,0.9333333969116211,,,,3.9346063137054443,1.0,,,,3.7381837368011475,1.0,,,,4.18744421005249,1.0,,,,3.9101204872131348,1.0
3622400.0,,,,3.6468865871429443,1.0,,,,4.0748724937438965,1.0,,,,4.020956516265869,1.0,,,,3.893124580383301,1.0,,,,3.872274398803711,1.0,,,,3.9738965034484863,1.0
3635200.0,,,,3.747281789779663,1.0,,,,3.9778122901916504,1.0,,,,3.7478251457214355,1.0,,,,4.53422737121582,0.9523809552192688,,,,4.264826774597168,1.0,,,,4.163821220397949,1.0
3648000.0,,,,3.9208250045776367,1.0,,,,3.8657093048095703,1.0,,,,3.8302416801452637,1.0,,,,3.884486675262451,1.0,,,,3.65934681892395,1.0,,,,3.7799134254455566,1.0
3660800.0,,,,4.262235641479492,0.9523809552192688,,,,3.7974753379821777,1.0,,,,4.203596115112305,1.0,,,,3.8327887058258057,1.0,,,,4.147037982940674,1.0,,,,4.1567912101745605,1.0
3673600.0,,,,3.4227795600891113,1.0,,,,4.019123077392578,1.0,,,,4.184600830078125,1.0,,,,3.7446017265319824,1.0,,,,4.332666873931885,1.0,,,,3.8804848194122314,1.0
3686400.0,,,,3.6376476287841797,1.0,,,,4.302227973937988,0.9615384936332703,,,,4.276350021362305,1.0,,,,3.939845323562622,1.0,,,,4.30607795715332,0.9583333730697632,,,,3.9227852821350098,1.0
3699200.0,,,,3.73103404045105,1.0,,,,4.214180946350098,1.0,,,,3.9376790523529053,1.0,,,,3.660745859146118,1.0,,,,4.402063846588135,1.0,,,,4.018230438232422,1.0
3712000.0,,,,3.660198926925659,1.0,,,,3.9838998317718506,1.0,,,,4.11518669128418,1.0,,,,3.5820162296295166,1.0,,,,3.9419469833374023,1.0,,,,3.742971420288086,1.0
3724800.0,,,,3.756356716156006,1.0,,,,3.842529296875,1.0,,,,3.9306530952453613,1.0,,,,3.9274954795837402,1.0,,,,4.043967247009277,1.0,,,,4.04770565032959,1.0
3737600.0,,,,3.6768887042999268,1.0,,,,4.14644193649292,1.0,,,,3.8122775554656982,1.0,,,,3.794912099838257,1.0,,,,4.090733051300049,1.0,,,,3.757906436920166,0.9655172228813171
3750400.0,,,,3.905019998550415,0.9615384936332703,,,,3.9733922481536865,1.0,,,,3.9197847843170166,1.0,,,,3.939556837081909,1.0,,,,4.2275800704956055,1.0,,,,3.947497606277466,1.0
3763200.0,,,,3.608982801437378,1.0,,,,4.20944881439209,1.0,,,,3.9713003635406494,1.0,,,,3.8673229217529297,1.0,,,,4.204577922821045,1.0,,,,4.003162860870361,1.0
3776000.0,,,,3.6439006328582764,1.0,,,,3.896455764770508,1.0,,,,3.8570170402526855,1.0,,,,3.6408870220184326,1.0,,,,4.396917819976807,0.9615384936332703,,,,3.6685755252838135,1.0
3788800.0,,,,3.604365825653076,1.0,,,,3.9711477756500244,1.0,,,,4.127841472625732,1.0,,,,3.673513174057007,1.0,,,,4.3867926597595215,1.0,,,,4.046762466430664,1.0
3801600.0,,,,3.7895236015319824,1.0,,,,4.226207733154297,0.95652174949646,,,,3.832263469696045,1.0,,,,3.9623332023620605,1.0,,,,4.3107757568359375,1.0,,,,3.9370341300964355,1.0
3814400.0,,,,3.776113271713257,1.0,,,,4.090606212615967,1.0,,,,4.09088659286499,1.0,,,,3.5079760551452637,1.0,,,,4.672786712646484,1.0,,,,3.835085391998291,1.0
3827200.0,,,,3.3748438358306885,1.0,,,,3.4936656951904297,1.0,,,,4.159066200256348,1.0,,,,3.7996342182159424,1.0,,,,3.655632972717285,0.944444477558136,,,,3.64544677734375,1.0
3840000.0,1.0,0.1875,32.56186294555664,3.6977698802948,1.0,1.0,0.6875,42.291229248046875,3.8423590660095215,1.0,1.0,0.5625,34.83960723876953,3.962445020675659,1.0,1.0,1.0,43.83952331542969,3.9092462062835693,1.0,1.0,0.875,36.534339904785156,4.158045291900635,1.0,1.0,0.5625,33.737091064453125,3.61024808883667,1.0
3852800.0,,,,3.666595220565796,1.0,,,,3.630307674407959,1.0,,,,4.0032057762146,1.0,,,,3.9949910640716553,0.9473684430122375,,,,4.367141246795654,0.9523809552192688,,,,3.9129528999328613,1.0
3865600.0,,,,3.7306768894195557,1.0,,,,3.6718947887420654,1.0,,,,3.9403867721557617,1.0,,,,3.8887224197387695,1.0,,,,4.136020660400391,1.0,,,,3.982992649078369,1.0
3878400.0,,,,3.6908037662506104,1.0,,,,4.012897968292236,1.0,,,,3.950347661972046,1.0,,,,4.042246341705322,0.9629629850387573,,,,4.2359418869018555,1.0,,,,3.5314385890960693,1.0
3891200.0,,,,3.5872232913970947,1.0,,,,3.707390546798706,1.0,,,,4.170961380004883,1.0,,,,3.767141103744507,1.0,,,,4.40292501449585,1.0,,,,4.026795864105225,0.9545454978942871
3904000.0,,,,3.7003979682922363,1.0,,,,4.263251781463623,0.9545454978942871,,,,3.8540496826171875,1.0,,,,3.7638914585113525,1.0,,,,4.056070804595947,1.0,,,,3.9755892753601074,1.0
3916800.0,,,,3.6907081604003906,1.0,,,,3.9835383892059326,1.0,,,,4.045413494110107,1.0,,,,4.061409950256348,1.0,,,,4.1790900230407715,1.0,,,,3.55330753326416,1.0
3929600.0,,,,3.5587575435638428,1.0,,,,3.8489279747009277,1.0,,,,3.8193836212158203,1.0,,,,3.8852713108062744,1.0,,,,4.165246963500977,1.0,,,,3.9727394580841064,1.0
3942400.0,,,,3.5664656162261963,1.0,,,,3.667820930480957,1.0,,,,3.9109389781951904,1.0,,,,3.7441160678863525,1.0,,,,4.079885005950928,0.9166666865348816,,,,4.029831409454346,1.0
3955200.0,,,,3.9959099292755127,1.0,,,,3.7608394622802734,1.0,,,,4.132668495178223,1.0,,,,3.459958791732788,1.0,,,,3.955488443374634,1.0,,,,3.750903606414795,1.0
3968000.0,,,,3.19746732711792,1.0,,,,3.639752149581909,1.0,,,,3.813527822494507,1.0,,,,4.039162635803223,0.949999988079071,,,,4.011713027954102,1.0,,,,3.740060567855835,1.0
3980800.0,,,,4.504522800445557,0.944444477558136,,,,3.8799054622650146,1.0,,,,3.913257360458374,1.0,,,,3.6073827743530273,1.0,,,,4.21376895904541,0.9615384936332703,,,,3.6149802207946777,1.0
3993600.0,,,,3.7883245944976807,0.9473684430122375,,,,3.856785297393799,1.0,,,,3.8778650760650635,1.0,,,,4.52536153793335,0.9333333969116211,,,,4.000532150268555,1.0,,,,3.841867685317993,1.0
4006400.0,,,,3.4157464504241943,1.0,,,,3.7198710441589355,1.0,,,,4.168842792510986,1.0,,,,3.768829345703125,0.9411764740943909,,,,3.933574914932251,1.0,,,,3.9151487350463867,1.0
4019200.0,,,,3.9523932933807373,0.9642857313156128,,,,3.748065948486328,1.0,,,,4.02107048034668,1.0,,,,3.4295737743377686,1.0,,,,4.0153117179870605,1.0,,,,3.88763427734375,1.0
4032000.0,,,,3.947611093521118,0.9523809552192688,,,,3.7216222286224365,1.0,,,,4.0336012840271,1.0,,,,3.9032530784606934,1.0,,,,4.212527275085449,1.0,,,,3.9585273265838623,1.0
4044800.0,,,,3.4915618896484375,1.0,,,,3.8621466159820557,1.0,,,,4.18441104888916,1.0,,,,3.565680980682373,1.0,,,,3.9535529613494873,1.0,,,,3.679119825363159,1.0
4057600.0,,,,3.385446071624756,1.0,,,,3.9390225410461426,1.0,,,,4.162436008453369,1.0,,,,3.926640510559082,1.0,,,,4.373781204223633,1.0,,,,3.742243766784668,1.0
4070400.0,,,,3.5279908180236816,1.0,,,,3.7268500328063965,1.0,,,,3.785101890563965,1.0,,,,3.7423272132873535,1.0,,,,3.7007429599761963,1.0,,,,3.621638059616089,1.0
4083200.0,,,,3.357832670211792,1.0,,,,3.8144543170928955,1.0,,,,4.086564064025879,1.0,,,,3.6809566020965576,1.0,,,,4.1917314529418945,1.0,,,,3.981248378753662,1.0
4096000.0,,,,3.5536770820617676,1.0,,,,4.053610324859619,1.0,,,,3.9190211296081543,1.0,,,,3.880373477935791,1.0,,,,4.063870906829834,1.0,,,,3.8094725608825684,1.0
4108800.0,,,,3.6617953777313232,1.0,,,,3.6529369354248047,1.0,,,,4.135161876678467,1.0,,,,3.9678544998168945,1.0,,,,4.067425727844238,1.0,,,,3.723679542541504,1.0
4121600.0,,,,3.5366175174713135,1.0,,,,3.8014886379241943,1.0,,,,4.1788105964660645,0.9473684430122375,,,,4.0717058181762695,1.0,,,,4.140898704528809,1.0,,,,3.647808790206909,1.0
4134400.0,,,,3.5550429821014404,1.0,,,,3.794023275375366,1.0,,,,4.075839042663574,1.0,,,,3.528388261795044,1.0,,,,3.936727285385132,1.0,,,,3.8275225162506104,1.0
4147200.0,,,,3.468083620071411,1.0,,,,3.634465217590332,1.0,,,,4.147475719451904,1.0,,,,3.903930187225342,1.0,,,,3.9696414470672607,0.9999999403953552,,,,3.731548547744751,1.0
4160000.0,1.0,0.875,41.465087890625,3.259270668029785,1.0,1.0,0.5625,36.93687438964844,3.8886821269989014,1.0,1.0,0.4375,31.581953048706055,3.8453636169433594,0.95652174949646,1.0,0.875,39.87580871582031,4.048153400421143,1.0,1.0,0.9375,42.02796173095703,4.149125576019287,1.0,1.0,0.5,33.91675567626953,3.9078826904296875,1.0
4172800.0,,,,3.770115375518799,1.0,,,,3.8302195072174072,1.0,,,,4.052669525146484,1.0,,,,3.7488043308258057,1.0,,,,4.069265365600586,1.0,,,,4.0072221755981445,1.0
4185600.0,,,,3.4594082832336426,1.0,,,,3.8483784198760986,1.0,,,,4.17120885848999,0.9599999785423279,,,,3.7080061435699463,1.0,,,,3.7721564769744873,1.0,,,,3.706216335296631,1.0
4198400.0,,,,3.511849880218506,1.0,,,,3.8890981674194336,1.0,,,,4.164700508117676,1.0,,,,3.6007797718048096,1.0,,,,4.070291042327881,1.0,,,,4.156660556793213,1.0
4211200.0,,,,3.5853195190429688,1.0,,,,3.6876866817474365,1.0,,,,3.8379979133605957,1.0,,,,3.5583536624908447,1.0,,,,3.98211932182312,1.0,,,,3.712711811065674,1.0
4224000.0,,,,3.7725002765655518,1.0,,,,4.053103923797607,1.0,,,,3.575016975402832,1.0,,,,3.704751968383789,1.0,,,,3.9969747066497803,1.0,,,,3.919633388519287,1.0
4236800.0,,,,3.341514825820923,1.0,,,,3.832033634185791,1.0,,,,3.9854369163513184,1.0,,,,3.7876079082489014,1.0,,,,3.9569451808929443,1.0,,,,3.9183056354522705,1.0
4249600.0,,,,3.558070182800293,1.0,,,,3.9160985946655273,1.0,,,,3.8358564376831055,1.0,,,,3.8446285724639893,1.0,,,,4.0581278800964355,1.0,,,,4.009480953216553,1.0
4262400.0,,,,3.6747918128967285,1.0,,,,3.460103988647461,1.0,,,,3.971783399581909,1.0,,,,3.7382781505584717,1.0,,,,3.9305362701416016,1.0,,,,3.6228673458099365,1.0
4275200.0,,,,3.751303195953369,1.0,,,,3.632297992706299,1.0,,,,4.162992477416992,1.0,,,,3.7273733615875244,1.0,,,,4.010870456695557,1.0,,,,3.858705997467041,1.0
4288000.0,,,,3.7957980632781982,1.0,,,,3.7186553478240967,1.0,,,,3.939180374145508,1.0,,,,3.5253448486328125,1.0,,,,4.08695650100708,1.0,,,,3.9084386825561523,1.0
4300800.0,,,,3.5975990295410156,1.0,,,,3.9221184253692627,1.0,,,,4.239846229553223,1.0,,,,3.506333827972412,1.0,,,,3.9833617210388184,1.0,,,,3.844472885131836,1.0
4313600.0,,,,3.6174638271331787,1.0,,,,3.6297647953033447,1.0,,,,3.8653762340545654,1.0,,,,3.8531880378723145,1.0,,,,4.019148826599121,1.0,,,,4.018744468688965,1.0
4326400.0,,,,3.7444992065429688,1.0,,,,3.776705503463745,1.0,,,,3.968515396118164,1.0,,,,3.829308271408081,1.0,,,,4.066772937774658,1.0,,,,3.945279359817505,1.0
4339200.0,,,,3.735321044921875,1.0,,,,3.8281941413879395,1.0,,,,3.9776742458343506,1.0,,,,3.7680323123931885,1.0,,,,3.966451406478882,1.0,,,,3.929704189300537,0.9545454978942871
4352000.0,,,,3.61531138420105,1.0,,,,3.459059000015259,1.0,,,,4.235055446624756,1.0,,,,3.7568037509918213,1.0,,,,4.0469441413879395,1.0,,,,3.950381278991699,0.9642857313156128
4364800.0,,,,3.6556990146636963,1.0,,,,3.753467559814453,1.0,,,,3.924626350402832,1.0,,,,4.141760349273682,1.0,,,,4.120513916015625,1.0,,,,3.9380767345428467,0.9583333730697632
4377600.0,,,,3.365246534347534,1.0,,,,3.854264736175537,1.0,,,,3.876500368118286,1.0,,,,3.849593162536621,1.0,,,,3.9585978984832764,1.0,,,,3.824282646179199,1.0
4390400.0,,,,3.5210158824920654,1.0,,,,3.392749547958374,1.0,,,,3.985849618911743,1.0,,,,4.13692569732666,1.0,,,,3.760521173477173,1.0,,,,3.865983724594116,1.0
4403200.0,,,,3.9167065620422363,0.9655172228813171,,,,3.5746145248413086,1.0,,,,3.8406636714935303,1.0,,,,3.710447072982788,1.0,,,,3.9376914501190186,1.0,,,,3.8310728073120117,1.0
4416000.0,,,,3.406071901321411,1.0,,,,3.607577323913574,1.0,,,,4.20800256729126,1.0,,,,3.7844462394714355,1.0,,,,4.131833076477051,1.0,,,,3.8375070095062256,1.0
4428800.0,,,,3.599687337875366,0.9599999785423279,,,,3.5158743858337402,1.0,,,,4.050678253173828,1.0,,,,3.985459089279175,1.0,,,,4.180718421936035,0.9523809552192688,,,,3.839116096496582,1.0
4441600.0,,,,3.4822683334350586,1.0,,,,3.499917984008789,1.0,,,,4.038890838623047,1.0,,,,3.5962626934051514,1.0,,,,4.251091957092285,1.0,,,,3.868478775024414,1.0
4454400.0,,,,3.5028820037841797,1.0,,,,3.690469980239868,1.0,,,,4.108336448669434,1.0,,,,4.0227766036987305,0.9615384936332703,,,,3.7117862701416016,1.0,,,,4.073467254638672,1.0
4467200.0,,,,3.665966272354126,1.0,,,,4.139585971832275,0.9583333730697632,,,,3.8570003509521484,1.0,,,,3.6948225498199463,1.0,,,,3.974080801010132,1.0,,,,3.7642464637756348,1.0
4480000.0,1.0,1.0,42.51617431640625,3.4974725246429443,1.0,1.0,0.75,40.4610710144043,3.718430280685425,1.0,1.0,0.5,33.11082458496094,3.9588422775268555,1.0,1.0,0.9375,42.00078582763672,3.9235496520996094,1.0,1.0,0.9375,42.21268081665039,3.651148557662964,1.0,1.0,0.875,39.7242546081543,3.8432259559631348,1.0
4492800.0,,,,3.6506409645080566,1.0,,,,3.8689651489257812,1.0,,,,3.9474337100982666,1.0,,,,3.827566623687744,1.0,,,,4.008174419403076,1.0,,,,4.056613445281982,1.0
4505600.0,,,,3.589141368865967,1.0,,,,3.837757110595703,1.0,,,,3.940922260284424,1.0,,,,3.799501657485962,1.0,,,,3.7466182708740234,1.0,,,,4.137264251708984,1.0
4518400.0,,,,3.6947247982025146,1.0,,,,3.8276021480560303,1.0,,,,3.7338924407958984,1.0,,,,3.8645849227905273,0.9523809552192688,,,,3.880925178527832,1.0,,,,3.8024494647979736,1.0
4531200.0,,,,3.753671646118164,0.9523809552192688,,,,3.8583669662475586,1.0,,,,3.698234796524048,1.0,,,,3.885453939437866,1.0,,,,3.6072843074798584,0.9523809552192688,,,,4.062186241149902,1.0
4544000.0,,,,3.5431807041168213,1.0,,,,3.653242826461792,0.9642857313156128,,,,3.783613920211792,1.0,,,,3.850924491882324,1.0,,,,4.207108974456787,1.0,,,,3.7915396690368652,1.0
4556800.0,,,,3.7703006267547607,1.0,,,,3.5119283199310303,1.0,,,,3.9506709575653076,1.0,,,,3.5524604320526123,1.0,,,,3.6567800045013428,1.0,,,,4.439245700836182,0.95652174949646
4569600.0,,,,3.742985725402832,1.0,,,,3.402261257171631,1.0,,,,3.8671720027923584,1.0,,,,3.7251758575439453,1.0,,,,3.792106866836548,1.0,,,,3.9882519245147705,1.0
4582400.0,,,,3.4331018924713135,1.0,,,,3.657841682434082,1.0,,,,3.887484550476074,1.0,,,,3.9751906394958496,1.0,,,,3.887962818145752,1.0,,,,4.214448928833008,1.0
4595200.0,,,,3.5729377269744873,1.0,,,,3.6224365234375,1.0,,,,3.9640939235687256,1.0,,,,3.636709690093994,1.0,,,,3.7509329319000244,1.0,,,,3.8588225841522217,1.0
4608000.0,,,,3.5309231281280518,1.0,,,,3.6856091022491455,1.0,,,,3.9461324214935303,1.0,,,,3.6605639457702637,1.0,,,,3.822580337524414,1.0,,,,3.89638352394104,1.0
4620800.0,,,,3.4650604724884033,1.0,,,,3.6819820404052734,1.0,,,,4.205923557281494,1.0,,,,3.942941188812256,1.0,,,,3.7336721420288086,1.0,,,,3.7425520420074463,1.0
4633600.0,,,,3.718505620956421,1.0,,,,3.3908886909484863,1.0,,,,3.7506330013275146,1.0,,,,4.024956703186035,1.0,,,,3.736603260040283,1.0,,,,3.9370625019073486,1.0
4646400.0,,,,3.3699350357055664,1.0,,,,3.799663543701172,1.0,,,,4.140798091888428,1.0,,,,3.9198641777038574,1.0,,,,3.807224750518799,1.0,,,,3.846611499786377,1.0
4659200.0,,,,3.793384075164795,1.0,,,,3.861345052719116,0.944444477558136,,,,3.7858521938323975,1.0,,,,3.740825653076172,1.0,,,,3.811022996902466,1.0,,,,3.8045167922973633,1.0
4672000.0,,,,3.47711181640625,1.0,,,,3.4653003215789795,1.0,,,,3.9865376949310303,1.0,,,,3.7879672050476074,1.0,,,,3.8150634765625,1.0,,,,3.851508617401123,1.0
4684800.0,,,,3.706277847290039,1.0,,,,4.242295742034912,0.9375,,,,3.9364047050476074,1.0,,,,3.995522975921631,1.0,,,,3.6844189167022705,1.0,,,,4.124745845794678,1.0
4697600.0,,,,3.4932446479797363,1.0,,,,5.098657131195068,0.9473684430122375,,,,3.6769111156463623,1.0,,,,3.619729995727539,1.0,,,,3.9664177894592285,1.0,,,,3.7520248889923096,1.0
4710400.0,,,,3.395559072494507,1.0,,,,3.2985122203826904,1.0,,,,3.8553974628448486,1.0,,,,3.8571743965148926,1.0,,,,3.7801945209503174,1.0,,,,4.1475138664245605,1.0
4723200.0,,,,3.373502016067505,1.0,,,,3.5991997718811035,1.0,,,,3.79231595993042,1.0,,,,3.686523199081421,1.0,,,,3.8584368228912354,1.0,,,,4.130873680114746,1.0
4736000.0,,,,3.9157495498657227,1.0,,,,3.5425050258636475,1.0,,,,3.6426806449890137,1.0,,,,3.916292905807495,1.0,,,,3.8974218368530273,1.0,,,,4.133817195892334,1.0
4748800.0,,,,3.453446865081787,1.0,,,,3.6039440631866455,1.0,,,,3.8789258003234863,1.0,,,,3.712202310562134,1.0,,,,3.9497900009155273,1.0,,,,3.895324945449829,1.0
4761600.0,,,,3.677312135696411,1.0,,,,3.3801357746124268,1.0,,,,3.9159440994262695,1.0,,,,3.673874855041504,1.0,,,,3.8886053562164307,1.0,,,,3.8371331691741943,1.0
4774400.0,,,,3.854109525680542,1.0,,,,3.969372510910034,1.0,,,,4.009653091430664,1.0,,,,3.988715648651123,0.96875,,,,3.6840720176696777,1.0,,,,3.8078341484069824,1.0
4787200.0,,,,3.6966049671173096,1.0,,,,3.7434451580047607,1.0,,,,3.9505841732025146,1.0,,,,4.0211687088012695,0.9629629850387573,,,,3.771453857421875,1.0,,,,3.8467719554901123,1.0
4800000.0,1.0,0.5625,35.642723083496094,3.6487064361572266,1.0,1.0,0.4375,32.098358154296875,3.9733314514160156,1.0,1.0,0.6875,36.26399230957031,4.040410995483398,1.0,1.0,1.0,43.25667190551758,3.988919973373413,1.0,1.0,0.9375,41.762969970703125,3.6989121437072754,1.0,1.0,0.5,31.444564819335938,3.9866771697998047,1.0
4812800.0,,,,3.7569448947906494,1.0,,,,3.923503875732422,1.0,,,,3.907985210418701,1.0,,,,4.042545318603516,1.0,,,,3.782625436782837,1.0,,,,3.9493415355682373,1.0
4825600.0,,,,3.591036081314087,1.0,,,,3.7473278045654297,1.0,,,,3.777759075164795,1.0,,,,3.6327273845672607,1.0,,,,3.6555557250976562,1.0,,,,3.9831042289733887,1.0
4838400.0,,,,3.863348960876465,1.0,,,,3.741032600402832,1.0,,,,3.8213999271392822,1.0,,,,4.054107666015625,1.0,,,,4.12891149520874,0.96875,,,,3.8928189277648926,1.0
4851200.0,,,,3.6017959117889404,1.0,,,,3.6508994102478027,1.0,,,,3.79836106300354,1.0,,,,3.9040544033050537,0.95652174949646,,,,4.11140775680542,1.0,,,,3.965008497238159,1.0
4864000.0,,,,3.909040927886963,0.949999988079071,,,,3.5470504760742188,1.0,,,,4.073822975158691,1.0,,,,3.9113428592681885,1.0,,,,3.864692449569702,1.0,,,,4.063833713531494,1.0
4876800.0,,,,4.089517593383789,1.0,,,,3.8732285499572754,1.0,,,,3.802891969680786,1.0,,,,3.8005142211914062,1.0,,,,3.822713613510132,1.0,,,,3.8318426609039307,1.0
4889600.0,,,,3.889331102371216,0.9629629850387573,,,,3.522956132888794,1.0,,,,4.081812381744385,1.0,,,,3.932435989379883,0.9523809552192688,,,,4.119293689727783,1.0,,,,3.9712936878204346,1.0
4902400.0,,,,3.4451119899749756,1.0,,,,3.4662044048309326,1.0,,,,3.826258659362793,1.0,,,,4.06211519241333,1.0,,,,4.056865692138672,1.0,,,,4.029862403869629,1.0
4915200.0,,,,3.7521443367004395,1.0,,,,3.9132649898529053,1.0,,,,3.978217124938965,1.0,,,,4.18873929977417,1.0,,,,3.884901523590088,1.0,,,,3.8160462379455566,1.0
4928000.0,,,,3.616645097732544,1.0,,,,3.3809659481048584,1.0,,,,3.782238006591797,1.0,,,,3.9179039001464844,1.0,,,,3.6741857528686523,1.0,,,,4.52656364440918,0.9411764740943909
4940800.0,,,,3.6163625717163086,1.0,,,,3.57529354095459,1.0,,,,3.8244872093200684,1.0,,,,3.474646806716919,1.0,,,,3.8638594150543213,1.0,,,,3.7879388332366943,1.0
4953600.0,,,,3.5059752464294434,1.0,,,,3.7887325286865234,1.0,,,,3.969242811203003,1.0,,,,3.9093375205993652,1.0,,,,3.9284026622772217,1.0,,,,4.141913890838623,1.0
4966400.0,,,,3.5950350761413574,1.0,,,,3.7113993167877197,1.0,,,,3.6488049030303955,1.0,,,,3.7973155975341797,1.0,,,,3.8663558959960938,1.0,,,,3.9405410289764404,1.0
4979200.0,,,,3.773085832595825,1.0,,,,3.7984156608581543,1.0,,,,3.77248215675354,1.0,,,,3.67387318611145,1.0,,,,3.6296911239624023,1.0,,,,3.8904049396514893,1.0
4992000.0,,,,,,,,,,,,,,,,,,,,,,,,,,,,,,
