"Step","STAS-simple_spread_n3_s123 - agent_reward","STAS-simple_spread_n3_s123 - agent_reward__MIN","STAS-simple_spread_n3_s123 - agent_reward__MAX"
"82","-418.4950171550536","-418.4950171550536","-418.4950171550536"
"164","-427.74850140649437","-427.74850140649437","-427.74850140649437"
"246","-418.1083492739809","-418.1083492739809","-418.1083492739809"
"328","-450.1567534523649","-450.1567534523649","-450.1567534523649"
"410","-426.04688312387816","-426.04688312387816","-426.04688312387816"
"574","-400.0999347127743","-400.0999347127743","-400.0999347127743"
"656","-407.8913835852655","-407.8913835852655","-407.8913835852655"
"738","-449.82394315419134","-449.82394315419134","-449.82394315419134"
"820","-454.65026665912467","-454.65026665912467","-454.65026665912467"
"902","-467.29076729333525","-467.29076729333525","-467.29076729333525"
"1066","-429.49550209328163","-429.49550209328163","-429.49550209328163"
"1148","-447.0414049129575","-447.0414049129575","-447.0414049129575"
"1230","-427.7959443717709","-427.7959443717709","-427.7959443717709"
"1312","-422.44736458242187","-422.44736458242187","-422.44736458242187"
"1476","-442.05209557130115","-442.05209557130115","-442.05209557130115"
"1558","-434.8277489304579","-434.8277489304579","-434.8277489304579"
"1640","-425.58247314141306","-425.58247314141306","-425.58247314141306"
"1722","-459.4564618409555","-459.4564618409555","-459.4564618409555"
"1804","-428.08882415256","-428.08882415256","-428.08882415256"
"1968","-441.0033052006971","-441.0033052006971","-441.0033052006971"
"2050","-466.5378521893854","-466.5378521893854","-466.5378521893854"
"2132","-494.80456762161157","-494.80456762161157","-494.80456762161157"
"2214","-458.2153918345915","-458.2153918345915","-458.2153918345915"
"2378","-430.95795349031005","-430.95795349031005","-430.95795349031005"
"2460","-439.748857632333","-439.748857632333","-439.748857632333"
"2542","-409.0716403718318","-409.0716403718318","-409.0716403718318"
"2624","-430.86795274204496","-430.86795274204496","-430.86795274204496"
"2706","-416.91222827451134","-416.91222827451134","-416.91222827451134"
"2870","-440.79041900311734","-440.79041900311734","-440.79041900311734"
"2952","-423.5454510486008","-423.5454510486008","-423.5454510486008"
"3034","-453.6782116297529","-453.6782116297529","-453.6782116297529"
"3116","-411.29047007076036","-411.29047007076036","-411.29047007076036"
"3280","-440.08944919704766","-440.08944919704766","-440.08944919704766"
"3362","-440.20519713356373","-440.20519713356373","-440.20519713356373"
"3444","-441.58392227296105","-441.58392227296105","-441.58392227296105"
"3526","-393.1187084020213","-393.1187084020213","-393.1187084020213"
"3608","-417.0116375584459","-417.0116375584459","-417.0116375584459"
"3772","-420.9687717410677","-420.9687717410677","-420.9687717410677"
"3854","-449.3499263873465","-449.3499263873465","-449.3499263873465"
"3936","-428.1534169372512","-428.1534169372512","-428.1534169372512"
"4018","-444.5593224612092","-444.5593224612092","-444.5593224612092"
"4100","-406.5009081697587","-406.5009081697587","-406.5009081697587"
"4264","-443.50858773339263","-443.50858773339263","-443.50858773339263"
"4346","-448.5366080432514","-448.5366080432514","-448.5366080432514"
"4428","-396.02073474350493","-396.02073474350493","-396.02073474350493"
"4510","-390.421718412893","-390.421718412893","-390.421718412893"
"4674","-423.0924725049097","-423.0924725049097","-423.0924725049097"
"4756","-409.672970599156","-409.672970599156","-409.672970599156"
"4838","-392.25910310140614","-392.25910310140614","-392.25910310140614"
"4920","-410.246385486505","-410.246385486505","-410.246385486505"
"5002","-414.5801631612246","-414.5801631612246","-414.5801631612246"
"5166","-365.67159881358236","-365.67159881358236","-365.67159881358236"
"5248","-401.6848912233747","-401.6848912233747","-401.6848912233747"
"5330","-392.8351627711301","-392.8351627711301","-392.8351627711301"
"5412","-362.2473867023663","-362.2473867023663","-362.2473867023663"
"5576","-391.7009122145823","-391.7009122145823","-391.7009122145823"
"5658","-359.3524682156977","-359.3524682156977","-359.3524682156977"
"5740","-402.1226236858852","-402.1226236858852","-402.1226236858852"
"5822","-380.95396110902425","-380.95396110902425","-380.95396110902425"
"5904","-378.1214883081364","-378.1214883081364","-378.1214883081364"
"6068","-364.5744069858005","-364.5744069858005","-364.5744069858005"
"6150","-418.4940985309411","-418.4940985309411","-418.4940985309411"
"6232","-367.02747989141835","-367.02747989141835","-367.02747989141835"
"6314","-376.209021739367","-376.209021739367","-376.209021739367"
"6478","-356.59245015076124","-356.59245015076124","-356.59245015076124"
"6560","-342.7881102448716","-342.7881102448716","-342.7881102448716"
"6642","-358.9814732138412","-358.9814732138412","-358.9814732138412"
"6724","-389.45906725935","-389.45906725935","-389.45906725935"
"6806","-360.8383119575828","-360.8383119575828","-360.8383119575828"
"6970","-374.1123909294258","-374.1123909294258","-374.1123909294258"
"7052","-346.24558197109997","-346.24558197109997","-346.24558197109997"
"7134","-349.65264044812307","-349.65264044812307","-349.65264044812307"
"7216","-350.83616240197375","-350.83616240197375","-350.83616240197375"
"7380","-377.1299236177813","-377.1299236177813","-377.1299236177813"
"7462","-358.08891002647283","-358.08891002647283","-358.08891002647283"
"7544","-357.83246645703525","-357.83246645703525","-357.83246645703525"
"7626","-358.79085375924944","-358.79085375924944","-358.79085375924944"
"7708","-323.2752160847825","-323.2752160847825","-323.2752160847825"
"7872","-334.00489344522094","-334.00489344522094","-334.00489344522094"
"7954","-346.303710677702","-346.303710677702","-346.303710677702"
"8036","-327.883867578344","-327.883867578344","-327.883867578344"
"8118","-344.55370487634383","-344.55370487634383","-344.55370487634383"
"8200","-350.35876498814395","-350.35876498814395","-350.35876498814395"
"8364","-353.49302739617247","-353.49302739617247","-353.49302739617247"
"8446","-330.0852237112506","-330.0852237112506","-330.0852237112506"
"8528","-327.2069701714782","-327.2069701714782","-327.2069701714782"
"8610","-371.0741856233269","-371.0741856233269","-371.0741856233269"
"8774","-382.5001303878801","-382.5001303878801","-382.5001303878801"
"8856","-347.03876701312686","-347.03876701312686","-347.03876701312686"
"8938","-353.93155710425884","-353.93155710425884","-353.93155710425884"
"9020","-378.17525881142626","-378.17525881142626","-378.17525881142626"
"9102","-360.46463685742015","-360.46463685742015","-360.46463685742015"
"9266","-341.3170165696164","-341.3170165696164","-341.3170165696164"
"9348","-358.72386433741076","-358.72386433741076","-358.72386433741076"
"9430","-356.5989832106934","-356.5989832106934","-356.5989832106934"
"9512","-362.1184626110418","-362.1184626110418","-362.1184626110418"
"9676","-380.3635704666897","-380.3635704666897","-380.3635704666897"
"9758","-371.4859820222763","-371.4859820222763","-371.4859820222763"
"9840","-341.9045874245452","-341.9045874245452","-341.9045874245452"
"9922","-340.22329539688894","-340.22329539688894","-340.22329539688894"
"10004","-333.41540061951855","-333.41540061951855","-333.41540061951855"
"10168","-372.2195805260398","-372.2195805260398","-372.2195805260398"
"10250","-331.5729332366071","-331.5729332366071","-331.5729332366071"
"10332","-364.1359442492422","-364.1359442492422","-364.1359442492422"
"10414","-332.5998253922925","-332.5998253922925","-332.5998253922925"
"10578","-333.42718181284977","-333.42718181284977","-333.42718181284977"
"10660","-317.7585616450941","-317.7585616450941","-317.7585616450941"
"10742","-354.8742855878009","-354.8742855878009","-354.8742855878009"
"10824","-331.07140962084765","-331.07140962084765","-331.07140962084765"
"10906","-338.46664635191553","-338.46664635191553","-338.46664635191553"
"11070","-333.6589262965764","-333.6589262965764","-333.6589262965764"
"11152","-319.947791755901","-319.947791755901","-319.947791755901"
"11234","-344.923302424898","-344.923302424898","-344.923302424898"
"11316","-334.2546006819592","-334.2546006819592","-334.2546006819592"
"11480","-339.069897339185","-339.069897339185","-339.069897339185"
"11562","-313.78120968799357","-313.78120968799357","-313.78120968799357"
"11644","-327.8914073408058","-327.8914073408058","-327.8914073408058"
"11726","-315.03933981119326","-315.03933981119326","-315.03933981119326"
"11808","-294.6427435090836","-294.6427435090836","-294.6427435090836"
"11972","-314.7309919884655","-314.7309919884655","-314.7309919884655"
"12054","-336.5971608909066","-336.5971608909066","-336.5971608909066"
"12136","-313.7831826188054","-313.7831826188054","-313.7831826188054"
"12218","-357.4376847506953","-357.4376847506953","-357.4376847506953"
"12300","-351.64060822747314","-351.64060822747314","-351.64060822747314"
"12464","-312.909424676989","-312.909424676989","-312.909424676989"
"12546","-327.74025728617846","-327.74025728617846","-327.74025728617846"
"12628","-341.2658236677063","-341.2658236677063","-341.2658236677063"
"12710","-329.7545987484347","-329.7545987484347","-329.7545987484347"
"12874","-314.6727903171529","-314.6727903171529","-314.6727903171529"
"12956","-347.9596542443983","-347.9596542443983","-347.9596542443983"
"13038","-342.0953808707884","-342.0953808707884","-342.0953808707884"
"13120","-290.86428805744885","-290.86428805744885","-290.86428805744885"
"13202","-319.2036741362191","-319.2036741362191","-319.2036741362191"
"13366","-306.53811348860035","-306.53811348860035","-306.53811348860035"
"13448","-331.68637957138895","-331.68637957138895","-331.68637957138895"
"13530","-320.47537132541424","-320.47537132541424","-320.47537132541424"
"13612","-333.8823873994695","-333.8823873994695","-333.8823873994695"
"13776","-292.82218108642394","-292.82218108642394","-292.82218108642394"
"13858","-308.5329949605097","-308.5329949605097","-308.5329949605097"
"13940","-297.5745566621373","-297.5745566621373","-297.5745566621373"
"14022","-313.07960554200395","-313.07960554200395","-313.07960554200395"
"14104","-312.29178591762883","-312.29178591762883","-312.29178591762883"
"14268","-341.09461941224043","-341.09461941224043","-341.09461941224043"
"14350","-316.5714484277253","-316.5714484277253","-316.5714484277253"
"14432","-336.7024507048651","-336.7024507048651","-336.7024507048651"
"14514","-282.02082231340734","-282.02082231340734","-282.02082231340734"
"14678","-332.77996883274295","-332.77996883274295","-332.77996883274295"
"14760","-307.12051280067385","-307.12051280067385","-307.12051280067385"
"14842","-289.4901955356139","-289.4901955356139","-289.4901955356139"
"14924","-299.06143983060036","-299.06143983060036","-299.06143983060036"
"15006","-338.1898967874215","-338.1898967874215","-338.1898967874215"
"15170","-302.838245238299","-302.838245238299","-302.838245238299"
"15252","-294.2970166951238","-294.2970166951238","-294.2970166951238"
"15334","-293.68130095558075","-293.68130095558075","-293.68130095558075"
"15416","-322.0301895240983","-322.0301895240983","-322.0301895240983"
"15580","-344.0774273535621","-344.0774273535621","-344.0774273535621"
"15662","-325.4872250641193","-325.4872250641193","-325.4872250641193"
"15744","-303.91254678793797","-303.91254678793797","-303.91254678793797"
"15826","-324.5999232005069","-324.5999232005069","-324.5999232005069"
"15908","-305.4922794940625","-305.4922794940625","-305.4922794940625"
"16072","-300.4801335644459","-300.4801335644459","-300.4801335644459"
"16154","-323.2836983353073","-323.2836983353073","-323.2836983353073"
"16236","-309.3739648440944","-309.3739648440944","-309.3739648440944"
"16318","-322.9248425098984","-322.9248425098984","-322.9248425098984"
"16400","-311.51122593719674","-311.51122593719674","-311.51122593719674"
"16564","-330.7943001273871","-330.7943001273871","-330.7943001273871"
"16646","-335.3267352218652","-335.3267352218652","-335.3267352218652"
"16728","-298.5376395812262","-298.5376395812262","-298.5376395812262"
"16810","-304.3108507134473","-304.3108507134473","-304.3108507134473"
"16974","-304.77760556975846","-304.77760556975846","-304.77760556975846"
"17056","-330.94417132611716","-330.94417132611716","-330.94417132611716"
"17138","-283.31177148225134","-283.31177148225134","-283.31177148225134"
"17220","-284.6835472427756","-284.6835472427756","-284.6835472427756"
"17302","-313.60765684701414","-313.60765684701414","-313.60765684701414"
"17466","-288.32629948784256","-288.32629948784256","-288.32629948784256"
"17548","-332.6622255703144","-332.6622255703144","-332.6622255703144"
"17630","-350.60070744171594","-350.60070744171594","-350.60070744171594"
"17712","-349.4454870911118","-349.4454870911118","-349.4454870911118"
"17876","-350.18999106741546","-350.18999106741546","-350.18999106741546"
"17958","-328.2238155256913","-328.2238155256913","-328.2238155256913"
"18040","-328.90944945301055","-328.90944945301055","-328.90944945301055"
"18122","-330.0413004291692","-330.0413004291692","-330.0413004291692"
"18204","-310.24955265323246","-310.24955265323246","-310.24955265323246"
"18368","-320.25521431148206","-320.25521431148206","-320.25521431148206"
"18450","-329.20407274512183","-329.20407274512183","-329.20407274512183"
"18532","-323.31491319199154","-323.31491319199154","-323.31491319199154"
"18614","-324.6437508363031","-324.6437508363031","-324.6437508363031"
"18778","-308.8651504174675","-308.8651504174675","-308.8651504174675"
"18860","-316.53774416212934","-316.53774416212934","-316.53774416212934"
"18942","-301.2027565638723","-301.2027565638723","-301.2027565638723"
"19024","-309.0570674987025","-309.0570674987025","-309.0570674987025"
"19106","-290.59288268735634","-290.59288268735634","-290.59288268735634"
"19270","-337.6032134796519","-337.6032134796519","-337.6032134796519"
"19352","-321.77353608802355","-321.77353608802355","-321.77353608802355"
"19434","-338.3911453752958","-338.3911453752958","-338.3911453752958"
"19516","-308.3773992967088","-308.3773992967088","-308.3773992967088"
"19680","-326.8299119969444","-326.8299119969444","-326.8299119969444"
"19762","-318.1668877545266","-318.1668877545266","-318.1668877545266"
"19844","-302.0836512626745","-302.0836512626745","-302.0836512626745"
"19926","-304.02909868081036","-304.02909868081036","-304.02909868081036"
"20008","-299.64782547291776","-299.64782547291776","-299.64782547291776"
"20172","-320.7541184570034","-320.7541184570034","-320.7541184570034"
"20254","-327.3283487969968","-327.3283487969968","-327.3283487969968"
"20336","-321.81469141144044","-321.81469141144044","-321.81469141144044"
"20418","-326.2680283485775","-326.2680283485775","-326.2680283485775"
"20500","-304.6259860683105","-304.6259860683105","-304.6259860683105"
"20664","-308.6021531737341","-308.6021531737341","-308.6021531737341"
"20746","-336.56529431632504","-336.56529431632504","-336.56529431632504"
"20828","-304.91280942408","-304.91280942408","-304.91280942408"
"20910","-323.63342201709617","-323.63342201709617","-323.63342201709617"
"21074","-349.3965692327689","-349.3965692327689","-349.3965692327689"
"21156","-314.66953533111996","-314.66953533111996","-314.66953533111996"
"21238","-287.73770350752875","-287.73770350752875","-287.73770350752875"
"21320","-307.1386577746068","-307.1386577746068","-307.1386577746068"
"21402","-328.9705841353498","-328.9705841353498","-328.9705841353498"
"21566","-324.1213366501846","-324.1213366501846","-324.1213366501846"
"21648","-284.19320564869156","-284.19320564869156","-284.19320564869156"
"21730","-312.56845608236324","-312.56845608236324","-312.56845608236324"
"21812","-302.73914002713894","-302.73914002713894","-302.73914002713894"
"21976","-315.5543178127084","-315.5543178127084","-315.5543178127084"
"22058","-316.1900684546392","-316.1900684546392","-316.1900684546392"
"22140","-312.12529473904556","-312.12529473904556","-312.12529473904556"
"22222","-347.0577352068733","-347.0577352068733","-347.0577352068733"
"22304","-305.97531161391436","-305.97531161391436","-305.97531161391436"
"22468","-316.77959454282893","-316.77959454282893","-316.77959454282893"
"22550","-313.1298822759934","-313.1298822759934","-313.1298822759934"
"22632","-322.84335375495886","-322.84335375495886","-322.84335375495886"
"22714","-329.7365268374992","-329.7365268374992","-329.7365268374992"
"22878","-321.8721263326768","-321.8721263326768","-321.8721263326768"
"22960","-271.02460118494196","-271.02460118494196","-271.02460118494196"
"23042","-324.8038561025042","-324.8038561025042","-324.8038561025042"
"23124","-292.9004784598567","-292.9004784598567","-292.9004784598567"
"23206","-280.74670294816207","-280.74670294816207","-280.74670294816207"
"23370","-336.24612000422616","-336.24612000422616","-336.24612000422616"
"23452","-320.9474059696407","-320.9474059696407","-320.9474059696407"
"23534","-316.58006046716486","-316.58006046716486","-316.58006046716486"
"23616","-305.2093680226566","-305.2093680226566","-305.2093680226566"
"23780","-303.1407531288308","-303.1407531288308","-303.1407531288308"
"23862","-313.86946111639315","-313.86946111639315","-313.86946111639315"
"23944","-324.38982820869484","-324.38982820869484","-324.38982820869484"
"24026","-275.3673960701971","-275.3673960701971","-275.3673960701971"
"24108","-326.75715410388966","-326.75715410388966","-326.75715410388966"
"24272","-334.1723101911195","-334.1723101911195","-334.1723101911195"
"24354","-323.03924884189865","-323.03924884189865","-323.03924884189865"
"24436","-301.01402071029867","-301.01402071029867","-301.01402071029867"
"24518","-320.74659483000977","-320.74659483000977","-320.74659483000977"
"24600","-302.2459467203873","-302.2459467203873","-302.2459467203873"
"24764","-302.9584785972702","-302.9584785972702","-302.9584785972702"
"24846","-315.971287861448","-315.971287861448","-315.971287861448"
"24928","-283.02386863716134","-283.02386863716134","-283.02386863716134"
"25010","-283.13149251727805","-283.13149251727805","-283.13149251727805"
"25174","-334.610015684963","-334.610015684963","-334.610015684963"
"25256","-297.87541923620034","-297.87541923620034","-297.87541923620034"
"25338","-332.6014578904106","-332.6014578904106","-332.6014578904106"
"25420","-298.18117412282567","-298.18117412282567","-298.18117412282567"
"25502","-287.75133782272485","-287.75133782272485","-287.75133782272485"
"25666","-309.81529055048054","-309.81529055048054","-309.81529055048054"
"25748","-311.7304356818364","-311.7304356818364","-311.7304356818364"
"25830","-296.3354860070733","-296.3354860070733","-296.3354860070733"
"25912","-299.73152300082114","-299.73152300082114","-299.73152300082114"
"26076","-316.7079594853899","-316.7079594853899","-316.7079594853899"
"26158","-315.59899220749617","-315.59899220749617","-315.59899220749617"
"26240","-302.1237325450086","-302.1237325450086","-302.1237325450086"
"26322","-304.7091373842844","-304.7091373842844","-304.7091373842844"
"26404","-303.69199872923707","-303.69199872923707","-303.69199872923707"
"26568","-305.97251678880394","-305.97251678880394","-305.97251678880394"
"26650","-312.38710407208333","-312.38710407208333","-312.38710407208333"
"26732","-308.14290978887226","-308.14290978887226","-308.14290978887226"
"26814","-299.5894266327961","-299.5894266327961","-299.5894266327961"
"26978","-312.98265169982557","-312.98265169982557","-312.98265169982557"
"27060","-356.66166581275996","-356.66166581275996","-356.66166581275996"
"27142","-307.37465293323845","-307.37465293323845","-307.37465293323845"
"27224","-282.21734702104675","-282.21734702104675","-282.21734702104675"
"27306","-332.4121452495512","-332.4121452495512","-332.4121452495512"
"27470","-310.19113471476726","-310.19113471476726","-310.19113471476726"
"27552","-308.5222147085936","-308.5222147085936","-308.5222147085936"
"27634","-321.0089882547883","-321.0089882547883","-321.0089882547883"
"27716","-311.4039282404837","-311.4039282404837","-311.4039282404837"
"27880","-282.1513933525398","-282.1513933525398","-282.1513933525398"
"27962","-297.4182264908003","-297.4182264908003","-297.4182264908003"
"28044","-306.30764790266574","-306.30764790266574","-306.30764790266574"
"28126","-284.1891198886427","-284.1891198886427","-284.1891198886427"
"28208","-333.0853707259675","-333.0853707259675","-333.0853707259675"
"28372","-289.6954628120915","-289.6954628120915","-289.6954628120915"
"28454","-293.6256303346948","-293.6256303346948","-293.6256303346948"
"28536","-311.15097053605245","-311.15097053605245","-311.15097053605245"
"28618","-302.8370643274715","-302.8370643274715","-302.8370643274715"
"28700","-318.53498462501705","-318.53498462501705","-318.53498462501705"
"28864","-282.5186445300301","-282.5186445300301","-282.5186445300301"
"28946","-301.7891653618038","-301.7891653618038","-301.7891653618038"
"29028","-301.6809964052691","-301.6809964052691","-301.6809964052691"
"29110","-303.0972489499238","-303.0972489499238","-303.0972489499238"
"29274","-297.3781635007241","-297.3781635007241","-297.3781635007241"
"29356","-309.89037543725595","-309.89037543725595","-309.89037543725595"
"29438","-295.59060418826436","-295.59060418826436","-295.59060418826436"
"29520","-293.7307319640824","-293.7307319640824","-293.7307319640824"
"29602","-311.9358186138447","-311.9358186138447","-311.9358186138447"
"29766","-308.4412821466462","-308.4412821466462","-308.4412821466462"
"29848","-260.4932648939022","-260.4932648939022","-260.4932648939022"
"29930","-314.1991523913768","-314.1991523913768","-314.1991523913768"
"30012","-290.1158115496403","-290.1158115496403","-290.1158115496403"
"30176","-309.7053990304281","-309.7053990304281","-309.7053990304281"
"30258","-281.94680539042974","-281.94680539042974","-281.94680539042974"
"30340","-312.31880506378013","-312.31880506378013","-312.31880506378013"
"30422","-310.88435770147646","-310.88435770147646","-310.88435770147646"
"30504","-312.7171434495963","-312.7171434495963","-312.7171434495963"
"30668","-333.57952541553414","-333.57952541553414","-333.57952541553414"
"30750","-323.91605467281835","-323.91605467281835","-323.91605467281835"
"30832","-318.6135870188018","-318.6135870188018","-318.6135870188018"
"30914","-320.68524944896706","-320.68524944896706","-320.68524944896706"
"31078","-309.76720251554764","-309.76720251554764","-309.76720251554764"
"31160","-297.81112593969294","-297.81112593969294","-297.81112593969294"
"31242","-336.28353654494725","-336.28353654494725","-336.28353654494725"
"31324","-330.36138873436323","-330.36138873436323","-330.36138873436323"
"31406","-345.91465357369844","-345.91465357369844","-345.91465357369844"
"31570","-299.8034304808622","-299.8034304808622","-299.8034304808622"
"31652","-306.4650307647607","-306.4650307647607","-306.4650307647607"
"31734","-311.2102279697499","-311.2102279697499","-311.2102279697499"
"31816","-307.97952375836434","-307.97952375836434","-307.97952375836434"
"31980","-302.5468663958005","-302.5468663958005","-302.5468663958005"
"32062","-301.9501292706945","-301.9501292706945","-301.9501292706945"
"32144","-328.8733597544183","-328.8733597544183","-328.8733597544183"
"32226","-318.5686137579721","-318.5686137579721","-318.5686137579721"
"32308","-294.2444969323551","-294.2444969323551","-294.2444969323551"
"32472","-314.9650967336055","-314.9650967336055","-314.9650967336055"
"32554","-300.9926584815383","-300.9926584815383","-300.9926584815383"
"32636","-296.43604586987243","-296.43604586987243","-296.43604586987243"
"32718","-318.2684938545951","-318.2684938545951","-318.2684938545951"
"32800","-293.07898247115173","-293.07898247115173","-293.07898247115173"
"32964","-285.3828225568157","-285.3828225568157","-285.3828225568157"
"33046","-329.9683719137645","-329.9683719137645","-329.9683719137645"
"33128","-287.17572094405125","-287.17572094405125","-287.17572094405125"
"33210","-285.1515176435321","-285.1515176435321","-285.1515176435321"
"33374","-287.94431886818654","-287.94431886818654","-287.94431886818654"
"33456","-323.92251376043646","-323.92251376043646","-323.92251376043646"
"33538","-310.1529257079143","-310.1529257079143","-310.1529257079143"
"33620","-292.029832630661","-292.029832630661","-292.029832630661"
"33702","-302.9063108126072","-302.9063108126072","-302.9063108126072"
"33866","-302.7482357368168","-302.7482357368168","-302.7482357368168"
"33948","-257.48460726699227","-257.48460726699227","-257.48460726699227"
"34030","-310.19919488408067","-310.19919488408067","-310.19919488408067"
"34112","-288.2459552500637","-288.2459552500637","-288.2459552500637"
"34276","-319.4488418725895","-319.4488418725895","-319.4488418725895"
"34358","-288.34444571026614","-288.34444571026614","-288.34444571026614"
"34440","-329.3385364938508","-329.3385364938508","-329.3385364938508"
"34522","-325.07429526245784","-325.07429526245784","-325.07429526245784"
"34604","-319.0123365846519","-319.0123365846519","-319.0123365846519"
"34768","-303.5616328779175","-303.5616328779175","-303.5616328779175"
"34850","-298.96083845289303","-298.96083845289303","-298.96083845289303"
"34932","-288.79876770233136","-288.79876770233136","-288.79876770233136"
"35014","-333.78259301632045","-333.78259301632045","-333.78259301632045"
"35178","-307.53086840708625","-307.53086840708625","-307.53086840708625"
"35260","-336.32515563109405","-336.32515563109405","-336.32515563109405"
"35342","-308.05209169007014","-308.05209169007014","-308.05209169007014"
"35424","-284.74100516237195","-284.74100516237195","-284.74100516237195"
"35506","-302.01300333209696","-302.01300333209696","-302.01300333209696"
"35670","-310.27315679109836","-310.27315679109836","-310.27315679109836"
"35752","-281.37708459010554","-281.37708459010554","-281.37708459010554"
"35834","-293.6560661966207","-293.6560661966207","-293.6560661966207"
"35916","-308.54187377866907","-308.54187377866907","-308.54187377866907"
"36080","-306.4894366675476","-306.4894366675476","-306.4894366675476"
"36162","-332.7693474144","-332.7693474144","-332.7693474144"
"36244","-310.4689426954876","-310.4689426954876","-310.4689426954876"
"36326","-328.1321831986468","-328.1321831986468","-328.1321831986468"
"36408","-306.889744322112","-306.889744322112","-306.889744322112"
"36572","-290.1745418737572","-290.1745418737572","-290.1745418737572"
"36654","-360.3921260722442","-360.3921260722442","-360.3921260722442"
"36736","-282.6271104791181","-282.6271104791181","-282.6271104791181"
"36818","-317.52882806617004","-317.52882806617004","-317.52882806617004"
"36900","-296.6744539478136","-296.6744539478136","-296.6744539478136"
"37064","-313.31013197695063","-313.31013197695063","-313.31013197695063"
"37146","-333.2632033288236","-333.2632033288236","-333.2632033288236"
"37228","-283.7337518181052","-283.7337518181052","-283.7337518181052"
"37310","-287.6791652966955","-287.6791652966955","-287.6791652966955"
"37474","-326.79147551993293","-326.79147551993293","-326.79147551993293"
"37556","-297.5950131462545","-297.5950131462545","-297.5950131462545"
"37638","-315.6632657498965","-315.6632657498965","-315.6632657498965"
"37720","-328.0250535704118","-328.0250535704118","-328.0250535704118"
"37802","-281.2942194687827","-281.2942194687827","-281.2942194687827"
"37966","-316.23851030043375","-316.23851030043375","-316.23851030043375"
"38048","-284.72939529685544","-284.72939529685544","-284.72939529685544"
"38130","-267.62861607394564","-267.62861607394564","-267.62861607394564"
"38212","-363.4349489723728","-363.4349489723728","-363.4349489723728"
"38376","-299.97175329867025","-299.97175329867025","-299.97175329867025"
"38458","-321.44446199345043","-321.44446199345043","-321.44446199345043"
"38540","-309.0928050865952","-309.0928050865952","-309.0928050865952"
"38622","-288.9969640572268","-288.9969640572268","-288.9969640572268"
"38704","-330.55748145853016","-330.55748145853016","-330.55748145853016"
"38868","-308.97729103431533","-308.97729103431533","-308.97729103431533"
"38950","-326.5861308616774","-326.5861308616774","-326.5861308616774"
"39032","-310.9631065758826","-310.9631065758826","-310.9631065758826"
"39114","-327.8918607781684","-327.8918607781684","-327.8918607781684"
"39278","-287.4652530331209","-287.4652530331209","-287.4652530331209"
"39360","-294.91094841316664","-294.91094841316664","-294.91094841316664"
"39442","-319.5015811024043","-319.5015811024043","-319.5015811024043"
"39524","-298.746116995013","-298.746116995013","-298.746116995013"
"39606","-314.8488231571132","-314.8488231571132","-314.8488231571132"
"39770","-311.30500163684974","-311.30500163684974","-311.30500163684974"
"39852","-347.9242883969941","-347.9242883969941","-347.9242883969941"
"39934","-313.28302542056895","-313.28302542056895","-313.28302542056895"
"40016","-297.98974927770564","-297.98974927770564","-297.98974927770564"
"40180","-319.74970887706894","-319.74970887706894","-319.74970887706894"
"40262","-308.0669484608121","-308.0669484608121","-308.0669484608121"
"40344","-325.8094218921874","-325.8094218921874","-325.8094218921874"
"40426","-293.5974943317095","-293.5974943317095","-293.5974943317095"
"40508","-321.132124463555","-321.132124463555","-321.132124463555"
"40672","-300.1036159195348","-300.1036159195348","-300.1036159195348"
"40754","-308.6138786637768","-308.6138786637768","-308.6138786637768"
"40836","-325.43089655332057","-325.43089655332057","-325.43089655332057"
"40918","-298.57541658310913","-298.57541658310913","-298.57541658310913"
"41000","-322.48484151666935","-322.48484151666935","-322.48484151666935"
"41164","-359.78408975392756","-359.78408975392756","-359.78408975392756"
"41246","-307.51562231120494","-307.51562231120494","-307.51562231120494"
"41328","-297.2218537990727","-297.2218537990727","-297.2218537990727"
"41410","-326.5210928061448","-326.5210928061448","-326.5210928061448"
"41574","-339.70866050229563","-339.70866050229563","-339.70866050229563"
"41656","-300.5505157444811","-300.5505157444811","-300.5505157444811"
"41738","-310.6122344543993","-310.6122344543993","-310.6122344543993"
"41820","-334.0666599507032","-334.0666599507032","-334.0666599507032"
"41902","-324.1864423916338","-324.1864423916338","-324.1864423916338"
"42066","-327.5990200137476","-327.5990200137476","-327.5990200137476"
"42148","-318.8137295990904","-318.8137295990904","-318.8137295990904"
"42230","-307.735419551756","-307.735419551756","-307.735419551756"
"42312","-313.6591790914025","-313.6591790914025","-313.6591790914025"
"42476","-335.12647296783246","-335.12647296783246","-335.12647296783246"
"42558","-302.7156857355208","-302.7156857355208","-302.7156857355208"
"42640","-294.43913574960237","-294.43913574960237","-294.43913574960237"
"42722","-312.3298775496998","-312.3298775496998","-312.3298775496998"
"42804","-301.2776513350072","-301.2776513350072","-301.2776513350072"
"42968","-302.64307111781295","-302.64307111781295","-302.64307111781295"
"43050","-335.5514878348034","-335.5514878348034","-335.5514878348034"
"43132","-300.960704542709","-300.960704542709","-300.960704542709"
"43214","-321.56583025875653","-321.56583025875653","-321.56583025875653"
"43378","-299.8159855882393","-299.8159855882393","-299.8159855882393"
"43460","-309.73884431392366","-309.73884431392366","-309.73884431392366"
"43542","-322.3168562892962","-322.3168562892962","-322.3168562892962"
"43624","-283.35325745373734","-283.35325745373734","-283.35325745373734"
"43706","-317.7602743402014","-317.7602743402014","-317.7602743402014"
"43870","-350.48110695817945","-350.48110695817945","-350.48110695817945"
"43952","-315.13865801088014","-315.13865801088014","-315.13865801088014"
"44034","-317.3578347142613","-317.3578347142613","-317.3578347142613"
"44116","-362.5082974688566","-362.5082974688566","-362.5082974688566"
"44280","-300.2542773207949","-300.2542773207949","-300.2542773207949"
"44362","-333.8866465575388","-333.8866465575388","-333.8866465575388"
"44444","-318.9528705372925","-318.9528705372925","-318.9528705372925"
"44526","-325.73757241675963","-325.73757241675963","-325.73757241675963"
"44608","-298.225113768846","-298.225113768846","-298.225113768846"
"44772","-328.51271530427016","-328.51271530427016","-328.51271530427016"
"44854","-325.14471685350406","-325.14471685350406","-325.14471685350406"
"44936","-320.7190131616198","-320.7190131616198","-320.7190131616198"
"45018","-323.64984670795207","-323.64984670795207","-323.64984670795207"
"45100","-315.81489151002273","-315.81489151002273","-315.81489151002273"
"45264","-304.12430941698267","-304.12430941698267","-304.12430941698267"
"45346","-301.6974512737227","-301.6974512737227","-301.6974512737227"
"45428","-321.99898175034946","-321.99898175034946","-321.99898175034946"
"45510","-319.54272835573113","-319.54272835573113","-319.54272835573113"
"45674","-318.63845818590397","-318.63845818590397","-318.63845818590397"
"45756","-315.1027956839646","-315.1027956839646","-315.1027956839646"
"45838","-287.28831105174754","-287.28831105174754","-287.28831105174754"
"45920","-323.6772274952151","-323.6772274952151","-323.6772274952151"
"46002","-304.827210449625","-304.827210449625","-304.827210449625"
"46166","-296.1964944114606","-296.1964944114606","-296.1964944114606"
"46248","-331.42656331772696","-331.42656331772696","-331.42656331772696"
"46330","-328.34226850977376","-328.34226850977376","-328.34226850977376"
"46412","-293.8450841695131","-293.8450841695131","-293.8450841695131"
"46576","-317.8144545215641","-317.8144545215641","-317.8144545215641"
"46658","-311.1921124968413","-311.1921124968413","-311.1921124968413"
"46740","-306.7936729177976","-306.7936729177976","-306.7936729177976"
"46822","-291.44926024142995","-291.44926024142995","-291.44926024142995"
"46904","-300.965466790687","-300.965466790687","-300.965466790687"
"47068","-298.2907995565149","-298.2907995565149","-298.2907995565149"
"47150","-298.72918970353146","-298.72918970353146","-298.72918970353146"
"47232","-358.4738552480118","-358.4738552480118","-358.4738552480118"
"47314","-326.5999051508704","-326.5999051508704","-326.5999051508704"
"47478","-311.75000797987735","-311.75000797987735","-311.75000797987735"
"47560","-334.93961971851496","-334.93961971851496","-334.93961971851496"
"47642","-293.30027384024567","-293.30027384024567","-293.30027384024567"
"47724","-308.77642853929706","-308.77642853929706","-308.77642853929706"
"47806","-288.3577920835153","-288.3577920835153","-288.3577920835153"
"47970","-331.452664914716","-331.452664914716","-331.452664914716"
"48052","-316.2854007789972","-316.2854007789972","-316.2854007789972"
"48134","-270.6946141242543","-270.6946141242543","-270.6946141242543"
"48216","-291.4097462413361","-291.4097462413361","-291.4097462413361"
"48380","-308.89182608178135","-308.89182608178135","-308.89182608178135"
"48462","-310.5499073751432","-310.5499073751432","-310.5499073751432"
"48544","-318.5086892895102","-318.5086892895102","-318.5086892895102"
"48626","-298.81568570345246","-298.81568570345246","-298.81568570345246"
"48708","-289.6798333618098","-289.6798333618098","-289.6798333618098"
"48872","-300.5285888176171","-300.5285888176171","-300.5285888176171"
"48954","-298.97412786832496","-298.97412786832496","-298.97412786832496"
"49036","-296.8941913299768","-296.8941913299768","-296.8941913299768"
"49118","-338.52396005709613","-338.52396005709613","-338.52396005709613"
"49200","-343.4032784115828","-343.4032784115828","-343.4032784115828"
"49364","-280.05139464088654","-280.05139464088654","-280.05139464088654"
"49446","-295.1742009090594","-295.1742009090594","-295.1742009090594"
"49528","-321.4557795243255","-321.4557795243255","-321.4557795243255"
"49610","-293.7450307712316","-293.7450307712316","-293.7450307712316"
"49774","-300.1941282515863","-300.1941282515863","-300.1941282515863"
"49856","-328.4840504713139","-328.4840504713139","-328.4840504713139"
"49938","-315.0344928177026","-315.0344928177026","-315.0344928177026"
"50020","-334.4417032336701","-334.4417032336701","-334.4417032336701"
"50102","-306.8926823560521","-306.8926823560521","-306.8926823560521"
"50266","-320.00619668103894","-320.00619668103894","-320.00619668103894"
"50348","-325.74377649804904","-325.74377649804904","-325.74377649804904"
"50430","-317.003967979296","-317.003967979296","-317.003967979296"
"50512","-314.35243749154927","-314.35243749154927","-314.35243749154927"
"50676","-308.79575246931165","-308.79575246931165","-308.79575246931165"
"50758","-315.6046495286848","-315.6046495286848","-315.6046495286848"
"50840","-300.9357337089771","-300.9357337089771","-300.9357337089771"
"50922","-311.2276492903533","-311.2276492903533","-311.2276492903533"
"51004","-303.0719726748839","-303.0719726748839","-303.0719726748839"
"51168","-324.2175240941851","-324.2175240941851","-324.2175240941851"
"51250","-308.77939213743053","-308.77939213743053","-308.77939213743053"
"51332","-336.20982505781564","-336.20982505781564","-336.20982505781564"
"51414","-291.0093595944322","-291.0093595944322","-291.0093595944322"
"51578","-314.37111692853625","-314.37111692853625","-314.37111692853625"
"51660","-329.8396583495399","-329.8396583495399","-329.8396583495399"
"51742","-293.52049185342827","-293.52049185342827","-293.52049185342827"
"51824","-323.1247637623368","-323.1247637623368","-323.1247637623368"
"51906","-310.53289172439577","-310.53289172439577","-310.53289172439577"
"52070","-301.6488609911956","-301.6488609911956","-301.6488609911956"
"52152","-315.2604623529587","-315.2604623529587","-315.2604623529587"
"52234","-261.99919833824634","-261.99919833824634","-261.99919833824634"
"52316","-311.9499549961979","-311.9499549961979","-311.9499549961979"
"52480","-297.7560752290637","-297.7560752290637","-297.7560752290637"
"52562","-329.6319151926281","-329.6319151926281","-329.6319151926281"
"52644","-328.6713119517073","-328.6713119517073","-328.6713119517073"
"52726","-304.15704109959745","-304.15704109959745","-304.15704109959745"
"52808","-318.6885707302879","-318.6885707302879","-318.6885707302879"
"52972","-324.3286718696596","-324.3286718696596","-324.3286718696596"
"53054","-303.793596141654","-303.793596141654","-303.793596141654"
"53136","-325.8678624777609","-325.8678624777609","-325.8678624777609"
"53218","-294.60661846095104","-294.60661846095104","-294.60661846095104"
"53300","-304.6559814357015","-304.6559814357015","-304.6559814357015"
"53464","-287.6869830039703","-287.6869830039703","-287.6869830039703"
"53546","-293.3614086154003","-293.3614086154003","-293.3614086154003"
"53628","-335.3109864331203","-335.3109864331203","-335.3109864331203"
"53710","-334.1691768124067","-334.1691768124067","-334.1691768124067"
"53874","-322.11829907109797","-322.11829907109797","-322.11829907109797"
"53956","-318.3100336817977","-318.3100336817977","-318.3100336817977"
"54038","-351.72287155952336","-351.72287155952336","-351.72287155952336"
"54120","-307.7591317164744","-307.7591317164744","-307.7591317164744"
"54202","-320.01917276039","-320.01917276039","-320.01917276039"
"54366","-315.40894586116804","-315.40894586116804","-315.40894586116804"
"54448","-308.7375546600116","-308.7375546600116","-308.7375546600116"
"54530","-296.3486952567294","-296.3486952567294","-296.3486952567294"
"54612","-325.7000471423067","-325.7000471423067","-325.7000471423067"
"54776","-300.828508978488","-300.828508978488","-300.828508978488"
"54858","-322.20314069742074","-322.20314069742074","-322.20314069742074"
"54940","-312.298233532308","-312.298233532308","-312.298233532308"
"55022","-300.5151262181894","-300.5151262181894","-300.5151262181894"
"55104","-333.13256499610486","-333.13256499610486","-333.13256499610486"
"55268","-303.5353215250287","-303.5353215250287","-303.5353215250287"
"55350","-338.88490001038735","-338.88490001038735","-338.88490001038735"
"55432","-319.12222881762534","-319.12222881762534","-319.12222881762534"
"55514","-291.61824133399523","-291.61824133399523","-291.61824133399523"
"55678","-279.51332881008625","-279.51332881008625","-279.51332881008625"
"55760","-283.9238584426992","-283.9238584426992","-283.9238584426992"
"55842","-307.9616433382647","-307.9616433382647","-307.9616433382647"
"55924","-305.7333648794012","-305.7333648794012","-305.7333648794012"
"56006","-334.60714392042394","-334.60714392042394","-334.60714392042394"
"56170","-278.45756783421047","-278.45756783421047","-278.45756783421047"
"56252","-312.2848328902657","-312.2848328902657","-312.2848328902657"
"56334","-305.542612345691","-305.542612345691","-305.542612345691"
"56416","-255.49139558772353","-255.49139558772353","-255.49139558772353"
"56580","-313.69585237358666","-313.69585237358666","-313.69585237358666"
"56662","-322.36509879230493","-322.36509879230493","-322.36509879230493"
"56744","-320.23979637106686","-320.23979637106686","-320.23979637106686"
"56826","-324.0781922032261","-324.0781922032261","-324.0781922032261"
"56908","-304.26169229516097","-304.26169229516097","-304.26169229516097"
"57072","-295.1240931261156","-295.1240931261156","-295.1240931261156"
"57154","-287.4393912806905","-287.4393912806905","-287.4393912806905"
"57236","-312.5902905661512","-312.5902905661512","-312.5902905661512"
"57318","-308.6569847862686","-308.6569847862686","-308.6569847862686"
"57400","-315.79663426223976","-315.79663426223976","-315.79663426223976"
"57564","-307.6461765318432","-307.6461765318432","-307.6461765318432"
"57646","-335.6080467086483","-335.6080467086483","-335.6080467086483"
"57728","-335.5893347243239","-335.5893347243239","-335.5893347243239"
"57810","-322.1179133642861","-322.1179133642861","-322.1179133642861"
"57974","-305.48357897848905","-305.48357897848905","-305.48357897848905"
"58056","-308.94080226663795","-308.94080226663795","-308.94080226663795"
"58138","-333.85824965568185","-333.85824965568185","-333.85824965568185"
"58220","-284.2413867100505","-284.2413867100505","-284.2413867100505"
"58302","-288.4612658590046","-288.4612658590046","-288.4612658590046"
"58466","-297.7123677498605","-297.7123677498605","-297.7123677498605"
"58548","-306.3942625758968","-306.3942625758968","-306.3942625758968"
"58630","-344.92999921645327","-344.92999921645327","-344.92999921645327"
"58712","-314.4014870903797","-314.4014870903797","-314.4014870903797"
"58876","-307.91012654815796","-307.91012654815796","-307.91012654815796"
"58958","-312.19450147055846","-312.19450147055846","-312.19450147055846"
"59040","-299.7014211517089","-299.7014211517089","-299.7014211517089"
"59122","-304.9857738260441","-304.9857738260441","-304.9857738260441"
"59204","-308.0007016572825","-308.0007016572825","-308.0007016572825"
"59368","-345.81603949804526","-345.81603949804526","-345.81603949804526"
"59450","-319.3294556890803","-319.3294556890803","-319.3294556890803"
"59532","-319.7051484134865","-319.7051484134865","-319.7051484134865"
"59614","-288.6545006584023","-288.6545006584023","-288.6545006584023"
"59778","-296.9830968818595","-296.9830968818595","-296.9830968818595"
"59860","-320.447992678648","-320.447992678648","-320.447992678648"
"59942","-313.592449640975","-313.592449640975","-313.592449640975"
"60024","-305.62544644113916","-305.62544644113916","-305.62544644113916"
"60106","-298.14139059329676","-298.14139059329676","-298.14139059329676"
"60270","-320.9060230038064","-320.9060230038064","-320.9060230038064"
"60352","-302.0897032131802","-302.0897032131802","-302.0897032131802"
"60434","-304.7872886521641","-304.7872886521641","-304.7872886521641"
"60516","-332.5123335388138","-332.5123335388138","-332.5123335388138"
"60680","-303.3066953700079","-303.3066953700079","-303.3066953700079"
"60762","-312.95585919858","-312.95585919858","-312.95585919858"
"60844","-324.40924724036495","-324.40924724036495","-324.40924724036495"
"60926","-290.1470328573095","-290.1470328573095","-290.1470328573095"
"61008","-302.5663235582761","-302.5663235582761","-302.5663235582761"
"61172","-329.45066796987334","-329.45066796987334","-329.45066796987334"
"61254","-315.0849334222597","-315.0849334222597","-315.0849334222597"
"61336","-307.1422120708479","-307.1422120708479","-307.1422120708479"
"61418","-309.05084929897026","-309.05084929897026","-309.05084929897026"
"61500","-293.41460274258674","-293.41460274258674","-293.41460274258674"
"61664","-318.9168545133136","-318.9168545133136","-318.9168545133136"
"61746","-318.3850859640413","-318.3850859640413","-318.3850859640413"
"61828","-322.1458643020536","-322.1458643020536","-322.1458643020536"
"61910","-283.39547693383093","-283.39547693383093","-283.39547693383093"
"62074","-306.52855060177075","-306.52855060177075","-306.52855060177075"
"62156","-299.0649145458468","-299.0649145458468","-299.0649145458468"
"62238","-331.14105693022526","-331.14105693022526","-331.14105693022526"
"62320","-296.1655473129656","-296.1655473129656","-296.1655473129656"
"62402","-311.1552664343788","-311.1552664343788","-311.1552664343788"
"62566","-315.6489594310668","-315.6489594310668","-315.6489594310668"
"62648","-289.9760652295979","-289.9760652295979","-289.9760652295979"
"62730","-333.5522787529724","-333.5522787529724","-333.5522787529724"
"62812","-349.87114821633327","-349.87114821633327","-349.87114821633327"
"62976","-326.3352127637136","-326.3352127637136","-326.3352127637136"
"63058","-324.92868982426353","-324.92868982426353","-324.92868982426353"
"63140","-313.9321858403938","-313.9321858403938","-313.9321858403938"
"63222","-295.88408703753146","-295.88408703753146","-295.88408703753146"
"63304","-325.219294446723","-325.219294446723","-325.219294446723"
"63468","-306.0624008834426","-306.0624008834426","-306.0624008834426"
"63550","-320.8178591779684","-320.8178591779684","-320.8178591779684"
"63632","-309.26145131334727","-309.26145131334727","-309.26145131334727"
"63714","-288.1308364873028","-288.1308364873028","-288.1308364873028"
"63878","-278.177704617757","-278.177704617757","-278.177704617757"
"63960","-336.05535158021917","-336.05535158021917","-336.05535158021917"
"64042","-298.3595189801303","-298.3595189801303","-298.3595189801303"
"64124","-316.05489407718056","-316.05489407718056","-316.05489407718056"
"64206","-306.1841727957805","-306.1841727957805","-306.1841727957805"
"64370","-325.50771728562853","-325.50771728562853","-325.50771728562853"
"64452","-315.41958180204097","-315.41958180204097","-315.41958180204097"
"64534","-315.82150492277566","-315.82150492277566","-315.82150492277566"
"64616","-304.9369783471142","-304.9369783471142","-304.9369783471142"
"64780","-316.77871594696614","-316.77871594696614","-316.77871594696614"
"64862","-324.5551712884515","-324.5551712884515","-324.5551712884515"
"64944","-324.5757440801198","-324.5757440801198","-324.5757440801198"
"65026","-319.18586563047205","-319.18586563047205","-319.18586563047205"
"65108","-298.7213095194529","-298.7213095194529","-298.7213095194529"
"65272","-295.7251452418684","-295.7251452418684","-295.7251452418684"
"65354","-331.3749979191457","-331.3749979191457","-331.3749979191457"
"65436","-292.91970599684925","-292.91970599684925","-292.91970599684925"
"65518","-280.9541482925497","-280.9541482925497","-280.9541482925497"
"65600","-293.66811986158785","-293.66811986158785","-293.66811986158785"
"65764","-294.20353095081947","-294.20353095081947","-294.20353095081947"
"65846","-318.9836511791589","-318.9836511791589","-318.9836511791589"
"65928","-298.5358852145201","-298.5358852145201","-298.5358852145201"
"66010","-313.2021955718203","-313.2021955718203","-313.2021955718203"
"66174","-319.07752102864515","-319.07752102864515","-319.07752102864515"
"66256","-314.78494004283266","-314.78494004283266","-314.78494004283266"
"66338","-326.573178141488","-326.573178141488","-326.573178141488"
"66420","-321.8554959711657","-321.8554959711657","-321.8554959711657"
"66502","-281.5403301477422","-281.5403301477422","-281.5403301477422"
"66666","-334.16987730457805","-334.16987730457805","-334.16987730457805"
"66748","-341.23619306322786","-341.23619306322786","-341.23619306322786"
"66830","-311.38495748019494","-311.38495748019494","-311.38495748019494"
"66912","-314.2113551145421","-314.2113551145421","-314.2113551145421"
"67076","-296.4204375068642","-296.4204375068642","-296.4204375068642"
"67158","-304.38230817973164","-304.38230817973164","-304.38230817973164"
"67240","-312.7311168436541","-312.7311168436541","-312.7311168436541"
"67322","-309.1568101065349","-309.1568101065349","-309.1568101065349"
"67404","-294.6920483441998","-294.6920483441998","-294.6920483441998"
"67568","-314.8876919359289","-314.8876919359289","-314.8876919359289"
"67650","-313.4001207058549","-313.4001207058549","-313.4001207058549"
"67732","-312.30383274745867","-312.30383274745867","-312.30383274745867"
"67814","-312.0791506165348","-312.0791506165348","-312.0791506165348"
"67978","-315.93555893328886","-315.93555893328886","-315.93555893328886"
"68060","-288.7461938556799","-288.7461938556799","-288.7461938556799"
"68142","-322.302805826808","-322.302805826808","-322.302805826808"
"68224","-302.50178356844594","-302.50178356844594","-302.50178356844594"
"68306","-330.39877268643176","-330.39877268643176","-330.39877268643176"
"68470","-311.4402835572357","-311.4402835572357","-311.4402835572357"
"68552","-311.10949324226044","-311.10949324226044","-311.10949324226044"
"68634","-315.49596507802454","-315.49596507802454","-315.49596507802454"
"68716","-302.794600272234","-302.794600272234","-302.794600272234"
"68880","-318.98002457502736","-318.98002457502736","-318.98002457502736"
"68962","-311.7088360782612","-311.7088360782612","-311.7088360782612"
"69044","-298.5278259032282","-298.5278259032282","-298.5278259032282"
"69126","-339.9435201519011","-339.9435201519011","-339.9435201519011"
"69208","-308.56575956628217","-308.56575956628217","-308.56575956628217"
"69372","-309.5305372079538","-309.5305372079538","-309.5305372079538"
"69454","-305.87410421344265","-305.87410421344265","-305.87410421344265"
"69536","-312.47121138321177","-312.47121138321177","-312.47121138321177"
"69618","-295.1726416585686","-295.1726416585686","-295.1726416585686"
"69700","-320.01988516211986","-320.01988516211986","-320.01988516211986"
"69864","-321.7464954845991","-321.7464954845991","-321.7464954845991"
"69946","-293.7050697655053","-293.7050697655053","-293.7050697655053"
"70028","-297.6548211781105","-297.6548211781105","-297.6548211781105"
"70110","-297.6842342753955","-297.6842342753955","-297.6842342753955"
"70274","-280.86625811071497","-280.86625811071497","-280.86625811071497"
"70356","-322.7578660956653","-322.7578660956653","-322.7578660956653"
"70438","-318.46008170494054","-318.46008170494054","-318.46008170494054"
"70520","-289.59982901784326","-289.59982901784326","-289.59982901784326"
"70602","-330.4356646186744","-330.4356646186744","-330.4356646186744"
"70766","-304.5179400165178","-304.5179400165178","-304.5179400165178"
"70848","-330.43129319621096","-330.43129319621096","-330.43129319621096"
"70930","-317.58333397542646","-317.58333397542646","-317.58333397542646"
"71012","-282.3594095146606","-282.3594095146606","-282.3594095146606"
"71176","-296.2964965070389","-296.2964965070389","-296.2964965070389"
"71258","-312.5137025431387","-312.5137025431387","-312.5137025431387"
"71340","-319.0900872026183","-319.0900872026183","-319.0900872026183"
"71422","-311.9464296633741","-311.9464296633741","-311.9464296633741"
"71504","-327.3455703925304","-327.3455703925304","-327.3455703925304"
"71668","-304.5468254011053","-304.5468254011053","-304.5468254011053"
"71750","-305.3003462447795","-305.3003462447795","-305.3003462447795"
"71832","-302.0874245790521","-302.0874245790521","-302.0874245790521"
"71914","-296.3023969802049","-296.3023969802049","-296.3023969802049"
"72078","-290.76986665565187","-290.76986665565187","-290.76986665565187"
"72160","-306.3148290011015","-306.3148290011015","-306.3148290011015"
"72242","-325.12187828321044","-325.12187828321044","-325.12187828321044"
"72324","-311.82500901989306","-311.82500901989306","-311.82500901989306"
"72406","-324.9950930483032","-324.9950930483032","-324.9950930483032"
"72570","-275.29518957725674","-275.29518957725674","-275.29518957725674"
"72652","-314.89701979478525","-314.89701979478525","-314.89701979478525"
"72734","-313.56163195603546","-313.56163195603546","-313.56163195603546"
"72816","-308.1015482767463","-308.1015482767463","-308.1015482767463"
"72980","-314.8454406224374","-314.8454406224374","-314.8454406224374"
"73062","-309.0964029103295","-309.0964029103295","-309.0964029103295"
"73144","-323.3711308003326","-323.3711308003326","-323.3711308003326"
"73226","-283.85698606512176","-283.85698606512176","-283.85698606512176"
"73308","-293.24521547833","-293.24521547833","-293.24521547833"
"73472","-308.9574808378626","-308.9574808378626","-308.9574808378626"
"73554","-273.57558762763097","-273.57558762763097","-273.57558762763097"
"73636","-309.8655699798982","-309.8655699798982","-309.8655699798982"
"73718","-330.5539502856245","-330.5539502856245","-330.5539502856245"
"73800","-334.80635187534045","-334.80635187534045","-334.80635187534045"
"73964","-304.82887223933216","-304.82887223933216","-304.82887223933216"
"74046","-305.08263498361333","-305.08263498361333","-305.08263498361333"
"74128","-305.8727261849811","-305.8727261849811","-305.8727261849811"
"74210","-310.13705109753374","-310.13705109753374","-310.13705109753374"
"74374","-321.78480208972303","-321.78480208972303","-321.78480208972303"
"74456","-316.87401559635975","-316.87401559635975","-316.87401559635975"
"74538","-293.8290434092609","-293.8290434092609","-293.8290434092609"
"74620","-313.89901254857756","-313.89901254857756","-313.89901254857756"
"74702","-310.5185249761682","-310.5185249761682","-310.5185249761682"
"74866","-288.51360880318026","-288.51360880318026","-288.51360880318026"
"74948","-317.4991901779671","-317.4991901779671","-317.4991901779671"
"75030","-312.384454014585","-312.384454014585","-312.384454014585"
"75112","-300.4779159440508","-300.4779159440508","-300.4779159440508"
"75276","-312.62875109288296","-312.62875109288296","-312.62875109288296"
"75358","-293.51954222049886","-293.51954222049886","-293.51954222049886"
"75440","-316.92924040107647","-316.92924040107647","-316.92924040107647"
"75522","-341.0860749210819","-341.0860749210819","-341.0860749210819"
"75604","-314.176638416747","-314.176638416747","-314.176638416747"
"75768","-325.1941214940621","-325.1941214940621","-325.1941214940621"
"75850","-304.33558654141825","-304.33558654141825","-304.33558654141825"
"75932","-316.68664893280516","-316.68664893280516","-316.68664893280516"
"76014","-335.3849064352046","-335.3849064352046","-335.3849064352046"
"76178","-309.70831545804936","-309.70831545804936","-309.70831545804936"
"76260","-287.5695722971235","-287.5695722971235","-287.5695722971235"
"76342","-280.85406461861487","-280.85406461861487","-280.85406461861487"
"76424","-285.7876631295397","-285.7876631295397","-285.7876631295397"
"76506","-301.0857165767983","-301.0857165767983","-301.0857165767983"
"76670","-306.0723937181816","-306.0723937181816","-306.0723937181816"
"76752","-303.15767128341383","-303.15767128341383","-303.15767128341383"
"76834","-300.02907557610814","-300.02907557610814","-300.02907557610814"
"76916","-309.978091892433","-309.978091892433","-309.978091892433"
"77080","-314.84147733105675","-314.84147733105675","-314.84147733105675"
"77162","-299.7364686190283","-299.7364686190283","-299.7364686190283"
"77244","-308.5896367569496","-308.5896367569496","-308.5896367569496"
"77326","-326.36624259145776","-326.36624259145776","-326.36624259145776"
"77408","-298.6709085892121","-298.6709085892121","-298.6709085892121"
"77572","-359.6695551048347","-359.6695551048347","-359.6695551048347"
"77654","-302.83367566097246","-302.83367566097246","-302.83367566097246"
"77736","-307.0218261296954","-307.0218261296954","-307.0218261296954"
"77818","-297.9673411182055","-297.9673411182055","-297.9673411182055"
"77900","-314.8653917743692","-314.8653917743692","-314.8653917743692"
"78064","-343.48256777804613","-343.48256777804613","-343.48256777804613"
"78146","-317.990750809537","-317.990750809537","-317.990750809537"
"78228","-309.02129565340573","-309.02129565340573","-309.02129565340573"
"78310","-319.51508663518666","-319.51508663518666","-319.51508663518666"
"78474","-310.2818162001071","-310.2818162001071","-310.2818162001071"
"78556","-310.7886467421716","-310.7886467421716","-310.7886467421716"
"78638","-289.96297986979073","-289.96297986979073","-289.96297986979073"
"78720","-283.3822638454307","-283.3822638454307","-283.3822638454307"
"78802","-299.4792888899264","-299.4792888899264","-299.4792888899264"
"78966","-307.702769711259","-307.702769711259","-307.702769711259"
"79048","-305.7561130240572","-305.7561130240572","-305.7561130240572"
"79130","-308.58068079219333","-308.58068079219333","-308.58068079219333"
"79212","-281.500058248277","-281.500058248277","-281.500058248277"
"79376","-319.1244935325626","-319.1244935325626","-319.1244935325626"
"79458","-274.7408317814267","-274.7408317814267","-274.7408317814267"
"79540","-328.13644711735543","-328.13644711735543","-328.13644711735543"
"79622","-289.2081274892899","-289.2081274892899","-289.2081274892899"
"79704","-296.25529878845117","-296.25529878845117","-296.25529878845117"
"79868","-322.3742927473373","-322.3742927473373","-322.3742927473373"
"79950","-303.9815445263956","-303.9815445263956","-303.9815445263956"
"80032","-291.9757267786306","-291.9757267786306","-291.9757267786306"
"80114","-302.8875212320741","-302.8875212320741","-302.8875212320741"
"80278","-296.23532362549344","-296.23532362549344","-296.23532362549344"
"80360","-331.6744797044093","-331.6744797044093","-331.6744797044093"
"80442","-330.6842987831597","-330.6842987831597","-330.6842987831597"
"80524","-326.57660081399735","-326.57660081399735","-326.57660081399735"
"80606","-303.45202968658333","-303.45202968658333","-303.45202968658333"
"80770","-345.7860741865576","-345.7860741865576","-345.7860741865576"
"80852","-300.0821880369359","-300.0821880369359","-300.0821880369359"
"80934","-322.9619628102432","-322.9619628102432","-322.9619628102432"
"81016","-308.94940587931956","-308.94940587931956","-308.94940587931956"
"81180","-297.39952689651113","-297.39952689651113","-297.39952689651113"
"81262","-292.43195552818105","-292.43195552818105","-292.43195552818105"
"81344","-281.53128990287985","-281.53128990287985","-281.53128990287985"
"81426","-287.14183082869965","-287.14183082869965","-287.14183082869965"
"81508","-278.8814387097383","-278.8814387097383","-278.8814387097383"
"81672","-296.1021831699878","-296.1021831699878","-296.1021831699878"
"81754","-330.28728747356274","-330.28728747356274","-330.28728747356274"
"81836","-328.2166515941575","-328.2166515941575","-328.2166515941575"
"81918","-300.0413600835455","-300.0413600835455","-300.0413600835455"
"82000","-286.2622825093602","-286.2622825093602","-286.2622825093602"
"82164","-301.84589382339357","-301.84589382339357","-301.84589382339357"
"82246","-324.7241952762634","-324.7241952762634","-324.7241952762634"
"82328","-312.541400599162","-312.541400599162","-312.541400599162"
"82410","-300.36194407526597","-300.36194407526597","-300.36194407526597"
"82574","-278.1061355934258","-278.1061355934258","-278.1061355934258"
"82656","-305.7989547410283","-305.7989547410283","-305.7989547410283"
"82738","-297.1091752706417","-297.1091752706417","-297.1091752706417"
"82820","-313.2711895524183","-313.2711895524183","-313.2711895524183"
"82902","-310.16866658885135","-310.16866658885135","-310.16866658885135"
"83066","-286.04611031890363","-286.04611031890363","-286.04611031890363"
"83148","-289.93818380141585","-289.93818380141585","-289.93818380141585"
"83230","-306.23005594742386","-306.23005594742386","-306.23005594742386"
"83312","-323.40440248599486","-323.40440248599486","-323.40440248599486"
"83476","-326.9904685485355","-326.9904685485355","-326.9904685485355"
"83558","-310.85809468746726","-310.85809468746726","-310.85809468746726"
"83640","-290.4516395170639","-290.4516395170639","-290.4516395170639"
"83722","-322.30869365820485","-322.30869365820485","-322.30869365820485"
"83804","-278.65479784704854","-278.65479784704854","-278.65479784704854"
"83968","-300.1189994173068","-300.1189994173068","-300.1189994173068"
"84050","-304.5850545723626","-304.5850545723626","-304.5850545723626"
"84132","-329.11738455944317","-329.11738455944317","-329.11738455944317"
"84214","-330.4055350436558","-330.4055350436558","-330.4055350436558"
"84378","-306.8469606560813","-306.8469606560813","-306.8469606560813"
"84460","-307.656027065063","-307.656027065063","-307.656027065063"
"84542","-291.8283806579997","-291.8283806579997","-291.8283806579997"
"84624","-310.67782546557066","-310.67782546557066","-310.67782546557066"
"84706","-317.7495679278902","-317.7495679278902","-317.7495679278902"
"84870","-300.5590839401583","-300.5590839401583","-300.5590839401583"
"84952","-315.59786351932837","-315.59786351932837","-315.59786351932837"
"85034","-324.5369602498412","-324.5369602498412","-324.5369602498412"
"85116","-287.9163111107606","-287.9163111107606","-287.9163111107606"
"85280","-341.01476920387904","-341.01476920387904","-341.01476920387904"
"85362","-314.5747331902562","-314.5747331902562","-314.5747331902562"
"85444","-308.06499448250753","-308.06499448250753","-308.06499448250753"
"85526","-314.6134630861805","-314.6134630861805","-314.6134630861805"
"85608","-298.0759898173263","-298.0759898173263","-298.0759898173263"
"85772","-320.3110351372125","-320.3110351372125","-320.3110351372125"
"85854","-293.16292793297316","-293.16292793297316","-293.16292793297316"
"85936","-320.0815346728273","-320.0815346728273","-320.0815346728273"
"86018","-310.2142417409612","-310.2142417409612","-310.2142417409612"
"86100","-289.54689520608326","-289.54689520608326","-289.54689520608326"
"86264","-311.0764297758112","-311.0764297758112","-311.0764297758112"
"86346","-310.5111382550045","-310.5111382550045","-310.5111382550045"
"86428","-320.1783242233321","-320.1783242233321","-320.1783242233321"
"86510","-321.3764104414442","-321.3764104414442","-321.3764104414442"
"86674","-299.88167417678346","-299.88167417678346","-299.88167417678346"
"86756","-301.0235769516099","-301.0235769516099","-301.0235769516099"
"86838","-296.25222148520925","-296.25222148520925","-296.25222148520925"
"86920","-311.76742159886186","-311.76742159886186","-311.76742159886186"
"87002","-320.35471302689155","-320.35471302689155","-320.35471302689155"
"87166","-285.06538045501105","-285.06538045501105","-285.06538045501105"
"87248","-294.29526138585925","-294.29526138585925","-294.29526138585925"
"87330","-302.52288148454244","-302.52288148454244","-302.52288148454244"
"87412","-292.1836578511595","-292.1836578511595","-292.1836578511595"
"87576","-291.407944117557","-291.407944117557","-291.407944117557"
"87658","-311.8866846120151","-311.8866846120151","-311.8866846120151"
"87740","-341.3421323172722","-341.3421323172722","-341.3421323172722"
"87822","-283.4166998040981","-283.4166998040981","-283.4166998040981"
"87904","-310.7489210590012","-310.7489210590012","-310.7489210590012"
"88068","-300.49398283376735","-300.49398283376735","-300.49398283376735"
"88150","-318.9927929512194","-318.9927929512194","-318.9927929512194"
"88232","-347.0720069094412","-347.0720069094412","-347.0720069094412"
"88314","-290.71592971538377","-290.71592971538377","-290.71592971538377"
"88478","-271.0513502434997","-271.0513502434997","-271.0513502434997"
"88560","-292.5590526954066","-292.5590526954066","-292.5590526954066"
"88642","-325.4407730354491","-325.4407730354491","-325.4407730354491"
"88724","-322.7738797037048","-322.7738797037048","-322.7738797037048"
"88806","-304.1098721086025","-304.1098721086025","-304.1098721086025"
"88970","-311.51617708527573","-311.51617708527573","-311.51617708527573"
"89052","-292.3554314117944","-292.3554314117944","-292.3554314117944"
"89134","-338.1790130265425","-338.1790130265425","-338.1790130265425"
"89216","-327.6417399239422","-327.6417399239422","-327.6417399239422"
"89380","-312.205794278216","-312.205794278216","-312.205794278216"
"89462","-318.2615188022557","-318.2615188022557","-318.2615188022557"
"89544","-303.38902026180295","-303.38902026180295","-303.38902026180295"
"89626","-292.59275875131834","-292.59275875131834","-292.59275875131834"
"89708","-301.9200165329065","-301.9200165329065","-301.9200165329065"
"89872","-306.73749583852356","-306.73749583852356","-306.73749583852356"
"89954","-298.41690936686405","-298.41690936686405","-298.41690936686405"
"90036","-311.3856378667574","-311.3856378667574","-311.3856378667574"
"90118","-302.0075483163715","-302.0075483163715","-302.0075483163715"
"90200","-311.8555326265436","-311.8555326265436","-311.8555326265436"
"90364","-284.21044801200134","-284.21044801200134","-284.21044801200134"
"90446","-334.5116680169327","-334.5116680169327","-334.5116680169327"
"90528","-299.2923431813377","-299.2923431813377","-299.2923431813377"
"90610","-293.95058942423805","-293.95058942423805","-293.95058942423805"
"90774","-318.8035995798036","-318.8035995798036","-318.8035995798036"
"90856","-314.98929995959423","-314.98929995959423","-314.98929995959423"
"90938","-303.2843752495732","-303.2843752495732","-303.2843752495732"
"91020","-293.17993003469115","-293.17993003469115","-293.17993003469115"
"91102","-321.33922779011107","-321.33922779011107","-321.33922779011107"
"91266","-344.30277391044086","-344.30277391044086","-344.30277391044086"
"91348","-292.3470324539472","-292.3470324539472","-292.3470324539472"
"91430","-342.09653552260306","-342.09653552260306","-342.09653552260306"
"91512","-294.0374663785714","-294.0374663785714","-294.0374663785714"
"91676","-292.00326023151354","-292.00326023151354","-292.00326023151354"
"91758","-322.3660044303965","-322.3660044303965","-322.3660044303965"
"91840","-325.99379914892853","-325.99379914892853","-325.99379914892853"
"91922","-287.85780357058667","-287.85780357058667","-287.85780357058667"
"92004","-282.82917672348117","-282.82917672348117","-282.82917672348117"
"92168","-328.091264271711","-328.091264271711","-328.091264271711"
"92250","-305.51415769627823","-305.51415769627823","-305.51415769627823"
"92332","-307.0342819024227","-307.0342819024227","-307.0342819024227"
"92414","-313.96654195343706","-313.96654195343706","-313.96654195343706"
"92578","-276.2140309725371","-276.2140309725371","-276.2140309725371"
"92660","-285.63210892306836","-285.63210892306836","-285.63210892306836"
"92742","-314.96072981367126","-314.96072981367126","-314.96072981367126"
"92824","-298.10618044268836","-298.10618044268836","-298.10618044268836"
"92906","-319.8733317457647","-319.8733317457647","-319.8733317457647"
"93070","-315.0759529456203","-315.0759529456203","-315.0759529456203"
"93152","-300.577159841507","-300.577159841507","-300.577159841507"
"93234","-305.59635840344464","-305.59635840344464","-305.59635840344464"
"93316","-314.2726801394307","-314.2726801394307","-314.2726801394307"
"93480","-329.7368153155675","-329.7368153155675","-329.7368153155675"
"93562","-329.1597457386501","-329.1597457386501","-329.1597457386501"
"93644","-295.60306868975937","-295.60306868975937","-295.60306868975937"
"93726","-306.66278284296595","-306.66278284296595","-306.66278284296595"
"93808","-303.061093566919","-303.061093566919","-303.061093566919"
"93972","-321.6252462566053","-321.6252462566053","-321.6252462566053"
"94054","-293.5331810752816","-293.5331810752816","-293.5331810752816"
"94136","-279.3652118250002","-279.3652118250002","-279.3652118250002"
"94218","-313.0443054779399","-313.0443054779399","-313.0443054779399"
"94300","-308.8235673827462","-308.8235673827462","-308.8235673827462"
"94464","-279.113197915378","-279.113197915378","-279.113197915378"
"94546","-311.63348936282284","-311.63348936282284","-311.63348936282284"
"94628","-268.5069586078049","-268.5069586078049","-268.5069586078049"
"94710","-311.51831722602196","-311.51831722602196","-311.51831722602196"
"94874","-299.23453341687406","-299.23453341687406","-299.23453341687406"
"94956","-299.1240560413809","-299.1240560413809","-299.1240560413809"
"95038","-308.00319141452866","-308.00319141452866","-308.00319141452866"
"95120","-327.70051971217276","-327.70051971217276","-327.70051971217276"
"95202","-305.455251101597","-305.455251101597","-305.455251101597"
"95366","-303.98702348908427","-303.98702348908427","-303.98702348908427"
"95448","-291.58433648434203","-291.58433648434203","-291.58433648434203"
"95530","-300.3777332747745","-300.3777332747745","-300.3777332747745"
"95612","-316.3696386542372","-316.3696386542372","-316.3696386542372"
"95776","-317.6523268179799","-317.6523268179799","-317.6523268179799"
"95858","-317.43095539609067","-317.43095539609067","-317.43095539609067"
"95940","-294.49543034074935","-294.49543034074935","-294.49543034074935"
"96022","-294.9998076257734","-294.9998076257734","-294.9998076257734"
"96104","-293.03213430249286","-293.03213430249286","-293.03213430249286"
"96268","-310.6632974283442","-310.6632974283442","-310.6632974283442"
"96350","-302.5285335193171","-302.5285335193171","-302.5285335193171"
"96432","-302.43048992601564","-302.43048992601564","-302.43048992601564"
"96514","-305.7429826077079","-305.7429826077079","-305.7429826077079"
"96678","-287.2382727020277","-287.2382727020277","-287.2382727020277"
"96760","-304.3568511630534","-304.3568511630534","-304.3568511630534"
"96842","-314.2277142483433","-314.2277142483433","-314.2277142483433"
"96924","-302.60157202804027","-302.60157202804027","-302.60157202804027"
"97006","-306.67498987715754","-306.67498987715754","-306.67498987715754"
"97170","-312.6981568526833","-312.6981568526833","-312.6981568526833"
"97252","-269.6696910806259","-269.6696910806259","-269.6696910806259"
"97334","-316.69465926243186","-316.69465926243186","-316.69465926243186"
"97416","-313.4713205706659","-313.4713205706659","-313.4713205706659"
"97580","-276.3754561849994","-276.3754561849994","-276.3754561849994"
"97662","-297.20570802495484","-297.20570802495484","-297.20570802495484"
"97744","-274.0685831283243","-274.0685831283243","-274.0685831283243"
"97826","-319.0728087531146","-319.0728087531146","-319.0728087531146"
"97908","-312.4774447617271","-312.4774447617271","-312.4774447617271"
"98072","-271.45563318377936","-271.45563318377936","-271.45563318377936"
"98154","-347.324402702727","-347.324402702727","-347.324402702727"
"98236","-311.1858343226557","-311.1858343226557","-311.1858343226557"
"98318","-328.49552518507926","-328.49552518507926","-328.49552518507926"
"98400","-315.0424773104395","-315.0424773104395","-315.0424773104395"
"98564","-321.61843476971495","-321.61843476971495","-321.61843476971495"
"98646","-275.5705876375043","-275.5705876375043","-275.5705876375043"
"98728","-325.92236657401287","-325.92236657401287","-325.92236657401287"
"98810","-332.22552840424294","-332.22552840424294","-332.22552840424294"
"98974","-328.2552199559242","-328.2552199559242","-328.2552199559242"
"99056","-330.0076466346192","-330.0076466346192","-330.0076466346192"
"99138","-349.3866690185311","-349.3866690185311","-349.3866690185311"
"99220","-294.8909549024605","-294.8909549024605","-294.8909549024605"
"99302","-339.8044597189856","-339.8044597189856","-339.8044597189856"
"99466","-322.56243499031217","-322.56243499031217","-322.56243499031217"
"99548","-303.35601134970545","-303.35601134970545","-303.35601134970545"
"99630","-284.36497288911096","-284.36497288911096","-284.36497288911096"
"99712","-313.5392768859748","-313.5392768859748","-313.5392768859748"
"99876","-307.98077917729347","-307.98077917729347","-307.98077917729347"
"99958","-308.96704114727277","-308.96704114727277","-308.96704114727277"
"100040","-309.2005734973965","-309.2005734973965","-309.2005734973965"
"100122","-322.26471528673886","-322.26471528673886","-322.26471528673886"
"100204","-352.6408728764629","-352.6408728764629","-352.6408728764629"
"100368","-330.2511535825469","-330.2511535825469","-330.2511535825469"
"100450","-319.8314048599237","-319.8314048599237","-319.8314048599237"
"100532","-341.1822317787074","-341.1822317787074","-341.1822317787074"
"100614","-329.79734886835877","-329.79734886835877","-329.79734886835877"
"100778","-306.0751567765003","-306.0751567765003","-306.0751567765003"
"100860","-299.3023205178969","-299.3023205178969","-299.3023205178969"
"100942","-287.91552059400135","-287.91552059400135","-287.91552059400135"
"101024","-310.3859953666797","-310.3859953666797","-310.3859953666797"
"101106","-319.7459241113028","-319.7459241113028","-319.7459241113028"
"101270","-305.86862350362094","-305.86862350362094","-305.86862350362094"
"101352","-309.00215598932266","-309.00215598932266","-309.00215598932266"
"101434","-302.1283844339067","-302.1283844339067","-302.1283844339067"
"101516","-316.4567919870328","-316.4567919870328","-316.4567919870328"
"101680","-341.0425951496404","-341.0425951496404","-341.0425951496404"
"101762","-318.4882928755609","-318.4882928755609","-318.4882928755609"
"101844","-298.2578585570633","-298.2578585570633","-298.2578585570633"
"101926","-314.76163866396945","-314.76163866396945","-314.76163866396945"
"102008","-323.0177509118173","-323.0177509118173","-323.0177509118173"
"102172","-321.214516513786","-321.214516513786","-321.214516513786"
"102254","-311.60063767957774","-311.60063767957774","-311.60063767957774"
"102336","-324.5659464828813","-324.5659464828813","-324.5659464828813"
"102418","-303.35265991686805","-303.35265991686805","-303.35265991686805"
"102500","-311.8034693982729","-311.8034693982729","-311.8034693982729"
"102664","-329.1271005863328","-329.1271005863328","-329.1271005863328"
"102746","-330.2171083481138","-330.2171083481138","-330.2171083481138"
"102828","-308.42638636307527","-308.42638636307527","-308.42638636307527"
"102910","-293.3951398007443","-293.3951398007443","-293.3951398007443"
"103074","-329.6346572286709","-329.6346572286709","-329.6346572286709"
"103156","-310.07132877665487","-310.07132877665487","-310.07132877665487"
"103238","-328.6363800456526","-328.6363800456526","-328.6363800456526"
"103320","-334.46454380354174","-334.46454380354174","-334.46454380354174"
"103402","-334.36210621461726","-334.36210621461726","-334.36210621461726"
"103566","-332.078040244728","-332.078040244728","-332.078040244728"
"103648","-309.2414436075316","-309.2414436075316","-309.2414436075316"
"103730","-278.41695602487783","-278.41695602487783","-278.41695602487783"
"103812","-284.1317000527035","-284.1317000527035","-284.1317000527035"
"103976","-317.8345089056283","-317.8345089056283","-317.8345089056283"
"104058","-341.6629142079614","-341.6629142079614","-341.6629142079614"
"104140","-339.3829640165701","-339.3829640165701","-339.3829640165701"
"104222","-328.74787610868276","-328.74787610868276","-328.74787610868276"
"104304","-298.8486025006924","-298.8486025006924","-298.8486025006924"
"104468","-298.59560490008147","-298.59560490008147","-298.59560490008147"
"104550","-321.48120673409807","-321.48120673409807","-321.48120673409807"
"104632","-319.3452068366006","-319.3452068366006","-319.3452068366006"
"104714","-287.60285942537206","-287.60285942537206","-287.60285942537206"
"104878","-286.6659625155703","-286.6659625155703","-286.6659625155703"
"104960","-301.7201987335421","-301.7201987335421","-301.7201987335421"
"105042","-302.33977775247365","-302.33977775247365","-302.33977775247365"
"105124","-296.2848031364521","-296.2848031364521","-296.2848031364521"
"105206","-317.0029633293214","-317.0029633293214","-317.0029633293214"
"105370","-311.08584471899616","-311.08584471899616","-311.08584471899616"
"105452","-301.66448763828123","-301.66448763828123","-301.66448763828123"
"105534","-319.8192313220017","-319.8192313220017","-319.8192313220017"
"105616","-321.6783986729599","-321.6783986729599","-321.6783986729599"
"105780","-276.24665033612865","-276.24665033612865","-276.24665033612865"
"105862","-320.2455933466199","-320.2455933466199","-320.2455933466199"
"105944","-300.6946866988534","-300.6946866988534","-300.6946866988534"
"106026","-300.5304718590126","-300.5304718590126","-300.5304718590126"
"106108","-304.6943371967462","-304.6943371967462","-304.6943371967462"
"106272","-311.2786477473334","-311.2786477473334","-311.2786477473334"
"106354","-316.1254316578337","-316.1254316578337","-316.1254316578337"
"106436","-288.22621596635764","-288.22621596635764","-288.22621596635764"
"106518","-301.00429016692675","-301.00429016692675","-301.00429016692675"
"106600","-307.4520992970729","-307.4520992970729","-307.4520992970729"
"106764","-322.3170159806437","-322.3170159806437","-322.3170159806437"
"106846","-329.9455795852527","-329.9455795852527","-329.9455795852527"
"106928","-333.08941641524126","-333.08941641524126","-333.08941641524126"
"107010","-305.92816837239667","-305.92816837239667","-305.92816837239667"
"107174","-300.859095807085","-300.859095807085","-300.859095807085"
"107256","-279.7166660852479","-279.7166660852479","-279.7166660852479"
"107338","-304.5754273575816","-304.5754273575816","-304.5754273575816"
"107420","-285.1571026018228","-285.1571026018228","-285.1571026018228"
"107502","-294.75347447472654","-294.75347447472654","-294.75347447472654"
"107666","-301.4450234895353","-301.4450234895353","-301.4450234895353"
"107748","-338.2342541236864","-338.2342541236864","-338.2342541236864"
"107830","-304.09245520963873","-304.09245520963873","-304.09245520963873"
"107912","-295.15213392643864","-295.15213392643864","-295.15213392643864"
"108076","-335.78593599192374","-335.78593599192374","-335.78593599192374"
"108158","-310.59726287092786","-310.59726287092786","-310.59726287092786"
"108240","-276.84211480942236","-276.84211480942236","-276.84211480942236"
"108322","-306.8860585620102","-306.8860585620102","-306.8860585620102"
"108404","-306.5733538522299","-306.5733538522299","-306.5733538522299"
"108568","-313.1681310474072","-313.1681310474072","-313.1681310474072"
"108650","-306.7079353620869","-306.7079353620869","-306.7079353620869"
"108732","-326.88057946458","-326.88057946458","-326.88057946458"
"108814","-330.5830326465741","-330.5830326465741","-330.5830326465741"
"108978","-288.8274150568834","-288.8274150568834","-288.8274150568834"
"109060","-301.5012122510786","-301.5012122510786","-301.5012122510786"
"109142","-323.82068060460506","-323.82068060460506","-323.82068060460506"
"109224","-322.39591330246975","-322.39591330246975","-322.39591330246975"
"109306","-318.4843629839658","-318.4843629839658","-318.4843629839658"
"109470","-304.8667656948413","-304.8667656948413","-304.8667656948413"
"109552","-314.6920654981526","-314.6920654981526","-314.6920654981526"
"109634","-281.04435799965","-281.04435799965","-281.04435799965"
"109716","-290.1128902782825","-290.1128902782825","-290.1128902782825"
"109880","-328.0978164309303","-328.0978164309303","-328.0978164309303"
"109962","-331.40301617498096","-331.40301617498096","-331.40301617498096"
"110044","-314.68876714516057","-314.68876714516057","-314.68876714516057"
"110126","-301.27807023120585","-301.27807023120585","-301.27807023120585"
"110208","-329.1405920596702","-329.1405920596702","-329.1405920596702"
"110372","-287.48306336250874","-287.48306336250874","-287.48306336250874"
"110454","-308.5976038727377","-308.5976038727377","-308.5976038727377"
"110536","-291.33423157488266","-291.33423157488266","-291.33423157488266"
"110618","-293.7837090227706","-293.7837090227706","-293.7837090227706"
"110700","-308.00413307091605","-308.00413307091605","-308.00413307091605"
"110864","-310.39628151807256","-310.39628151807256","-310.39628151807256"
"110946","-296.88443852491105","-296.88443852491105","-296.88443852491105"
"111028","-330.1470361074599","-330.1470361074599","-330.1470361074599"
"111110","-325.21810417186293","-325.21810417186293","-325.21810417186293"
"111274","-319.52274242943975","-319.52274242943975","-319.52274242943975"
"111356","-315.61361280004854","-315.61361280004854","-315.61361280004854"
"111438","-287.74070383946355","-287.74070383946355","-287.74070383946355"
"111520","-309.5343326343862","-309.5343326343862","-309.5343326343862"
"111602","-296.5324712158236","-296.5324712158236","-296.5324712158236"
"111766","-325.5171146516192","-325.5171146516192","-325.5171146516192"
"111848","-317.1447589197647","-317.1447589197647","-317.1447589197647"
"111930","-320.21468908864006","-320.21468908864006","-320.21468908864006"
"112012","-298.2588419010519","-298.2588419010519","-298.2588419010519"
"112176","-296.15663271808273","-296.15663271808273","-296.15663271808273"
"112258","-320.4303753827978","-320.4303753827978","-320.4303753827978"
"112340","-338.116657347845","-338.116657347845","-338.116657347845"
"112422","-318.4541492910234","-318.4541492910234","-318.4541492910234"
"112504","-306.72618547506767","-306.72618547506767","-306.72618547506767"
"112668","-319.9804640397001","-319.9804640397001","-319.9804640397001"
"112750","-308.0367928610343","-308.0367928610343","-308.0367928610343"
"112832","-327.339543836169","-327.339543836169","-327.339543836169"
"112914","-336.61778425850787","-336.61778425850787","-336.61778425850787"
"113078","-297.90331988043704","-297.90331988043704","-297.90331988043704"
"113160","-306.89149447886683","-306.89149447886683","-306.89149447886683"
"113242","-317.64056888665795","-317.64056888665795","-317.64056888665795"
"113324","-332.72630747562766","-332.72630747562766","-332.72630747562766"
"113406","-292.85349908338844","-292.85349908338844","-292.85349908338844"
"113570","-317.168842014638","-317.168842014638","-317.168842014638"
"113652","-335.6363615677739","-335.6363615677739","-335.6363615677739"
"113734","-326.6008655544405","-326.6008655544405","-326.6008655544405"
"113816","-302.44821536154535","-302.44821536154535","-302.44821536154535"
"113980","-304.0029551612551","-304.0029551612551","-304.0029551612551"
"114062","-323.70344520505614","-323.70344520505614","-323.70344520505614"
"114144","-317.30062345597815","-317.30062345597815","-317.30062345597815"
"114226","-325.9398352482515","-325.9398352482515","-325.9398352482515"
"114308","-308.0181193665645","-308.0181193665645","-308.0181193665645"
"114472","-310.4290198100272","-310.4290198100272","-310.4290198100272"
"114554","-338.4734620749226","-338.4734620749226","-338.4734620749226"
"114636","-292.25775785300596","-292.25775785300596","-292.25775785300596"
"114718","-335.1091960627286","-335.1091960627286","-335.1091960627286"
"114800","-312.5647101846374","-312.5647101846374","-312.5647101846374"
"114964","-285.1372864730659","-285.1372864730659","-285.1372864730659"
"115046","-314.5908772676299","-314.5908772676299","-314.5908772676299"
"115128","-296.1047345583164","-296.1047345583164","-296.1047345583164"
"115210","-314.2803599612476","-314.2803599612476","-314.2803599612476"
"115374","-301.9411291841042","-301.9411291841042","-301.9411291841042"
"115456","-310.88514359870516","-310.88514359870516","-310.88514359870516"
"115538","-311.11789450357475","-311.11789450357475","-311.11789450357475"
"115620","-299.7079889393923","-299.7079889393923","-299.7079889393923"
"115702","-298.5030546186736","-298.5030546186736","-298.5030546186736"
"115866","-293.5305287239903","-293.5305287239903","-293.5305287239903"
"115948","-313.99864320762333","-313.99864320762333","-313.99864320762333"
"116030","-294.00406811400444","-294.00406811400444","-294.00406811400444"
"116112","-314.7478290659117","-314.7478290659117","-314.7478290659117"
"116276","-306.4828435100839","-306.4828435100839","-306.4828435100839"
"116358","-284.6832365949805","-284.6832365949805","-284.6832365949805"
"116440","-283.43728534012","-283.43728534012","-283.43728534012"
"116522","-309.5604041122061","-309.5604041122061","-309.5604041122061"
"116604","-334.4604374616898","-334.4604374616898","-334.4604374616898"
"116768","-339.69248523081893","-339.69248523081893","-339.69248523081893"
"116850","-295.71482982337113","-295.71482982337113","-295.71482982337113"
"116932","-282.11523717124885","-282.11523717124885","-282.11523717124885"
"117014","-326.68932946700346","-326.68932946700346","-326.68932946700346"
"117178","-321.6460332556986","-321.6460332556986","-321.6460332556986"
"117260","-307.60114661040546","-307.60114661040546","-307.60114661040546"
"117342","-309.87825275653313","-309.87825275653313","-309.87825275653313"
"117424","-287.98039125513276","-287.98039125513276","-287.98039125513276"
"117506","-326.30094694074114","-326.30094694074114","-326.30094694074114"
"117670","-355.02705065214025","-355.02705065214025","-355.02705065214025"
"117752","-316.2878187342046","-316.2878187342046","-316.2878187342046"
"117834","-349.0721951642669","-349.0721951642669","-349.0721951642669"
"117916","-323.0967800135079","-323.0967800135079","-323.0967800135079"
"118080","-314.99162626853035","-314.99162626853035","-314.99162626853035"
"118162","-307.4925481053743","-307.4925481053743","-307.4925481053743"
"118244","-302.2017781074543","-302.2017781074543","-302.2017781074543"
"118326","-331.7725547225897","-331.7725547225897","-331.7725547225897"
"118408","-306.56073859942194","-306.56073859942194","-306.56073859942194"
"118572","-318.83588658934167","-318.83588658934167","-318.83588658934167"
"118654","-317.27013578669346","-317.27013578669346","-317.27013578669346"
"118736","-330.0360062352927","-330.0360062352927","-330.0360062352927"
"118818","-336.72114576137807","-336.72114576137807","-336.72114576137807"
"118900","-271.9260459976481","-271.9260459976481","-271.9260459976481"
"119064","-317.27828551866935","-317.27828551866935","-317.27828551866935"
"119146","-316.5942592291557","-316.5942592291557","-316.5942592291557"
"119228","-328.7322522218024","-328.7322522218024","-328.7322522218024"
"119310","-306.60787973871777","-306.60787973871777","-306.60787973871777"
"119474","-301.9780227177804","-301.9780227177804","-301.9780227177804"
"119556","-297.51086465103776","-297.51086465103776","-297.51086465103776"
"119638","-316.8292826721424","-316.8292826721424","-316.8292826721424"
"119720","-332.4749863297991","-332.4749863297991","-332.4749863297991"
"119802","-321.93448677867485","-321.93448677867485","-321.93448677867485"
"119966","-311.20039834438484","-311.20039834438484","-311.20039834438484"
"120048","-320.0087617839118","-320.0087617839118","-320.0087617839118"
"120130","-326.56999939686193","-326.56999939686193","-326.56999939686193"
"120212","-303.6168964601317","-303.6168964601317","-303.6168964601317"
"120376","-316.46864457546474","-316.46864457546474","-316.46864457546474"
"120458","-312.0136021987245","-312.0136021987245","-312.0136021987245"
"120540","-298.5177924231332","-298.5177924231332","-298.5177924231332"
"120622","-319.4228756633235","-319.4228756633235","-319.4228756633235"
"120704","-289.4090961145473","-289.4090961145473","-289.4090961145473"
"120868","-321.1621488543543","-321.1621488543543","-321.1621488543543"
"120950","-305.93024244722056","-305.93024244722056","-305.93024244722056"
"121032","-306.42234007776966","-306.42234007776966","-306.42234007776966"
"121114","-322.42518259466755","-322.42518259466755","-322.42518259466755"
"121278","-289.88648110951885","-289.88648110951885","-289.88648110951885"
"121360","-284.62255810557315","-284.62255810557315","-284.62255810557315"
"121442","-356.42178553807344","-356.42178553807344","-356.42178553807344"
"121524","-331.2661548466289","-331.2661548466289","-331.2661548466289"
"121606","-311.43668659080635","-311.43668659080635","-311.43668659080635"
"121770","-296.4588022730088","-296.4588022730088","-296.4588022730088"
"121852","-301.94562162538506","-301.94562162538506","-301.94562162538506"
"121934","-306.8656638936425","-306.8656638936425","-306.8656638936425"
"122016","-256.1722587637358","-256.1722587637358","-256.1722587637358"
"122180","-280.6344340336593","-280.6344340336593","-280.6344340336593"
"122262","-326.64089883671653","-326.64089883671653","-326.64089883671653"
"122344","-311.8663187661186","-311.8663187661186","-311.8663187661186"
"122426","-279.55817474421525","-279.55817474421525","-279.55817474421525"
"122508","-306.9074756590834","-306.9074756590834","-306.9074756590834"
"122672","-286.8415432916059","-286.8415432916059","-286.8415432916059"
"122754","-318.2429165843337","-318.2429165843337","-318.2429165843337"
"122836","-311.2664640558737","-311.2664640558737","-311.2664640558737"
"122918","-290.4518067384824","-290.4518067384824","-290.4518067384824"
"123000","-302.82089523180946","-302.82089523180946","-302.82089523180946"
"123164","-301.87278724956565","-301.87278724956565","-301.87278724956565"
"123246","-295.42595457740254","-295.42595457740254","-295.42595457740254"
"123328","-327.53404765339735","-327.53404765339735","-327.53404765339735"
"123410","-320.71442371348945","-320.71442371348945","-320.71442371348945"
"123574","-313.96656017539703","-313.96656017539703","-313.96656017539703"
"123656","-289.87677628369806","-289.87677628369806","-289.87677628369806"
"123738","-296.4529088740238","-296.4529088740238","-296.4529088740238"
"123820","-332.9243734993199","-332.9243734993199","-332.9243734993199"
"123902","-294.69189018797147","-294.69189018797147","-294.69189018797147"
"124066","-295.5331541412598","-295.5331541412598","-295.5331541412598"
"124148","-308.3655149175193","-308.3655149175193","-308.3655149175193"
"124230","-302.09176653845066","-302.09176653845066","-302.09176653845066"
"124312","-289.66313480242917","-289.66313480242917","-289.66313480242917"
"124476","-296.3364635131269","-296.3364635131269","-296.3364635131269"
"124558","-333.6493804451139","-333.6493804451139","-333.6493804451139"
"124640","-289.0127343389874","-289.0127343389874","-289.0127343389874"
"124722","-289.2693477043519","-289.2693477043519","-289.2693477043519"
"124804","-310.6207299553449","-310.6207299553449","-310.6207299553449"
"124968","-312.2714179824898","-312.2714179824898","-312.2714179824898"
"125050","-320.9212269433173","-320.9212269433173","-320.9212269433173"
"125132","-300.5050196520473","-300.5050196520473","-300.5050196520473"
"125214","-285.3314484899585","-285.3314484899585","-285.3314484899585"
"125378","-311.95465973851947","-311.95465973851947","-311.95465973851947"
"125460","-329.9371590045481","-329.9371590045481","-329.9371590045481"
"125542","-313.5645774720117","-313.5645774720117","-313.5645774720117"
"125624","-301.44528025419214","-301.44528025419214","-301.44528025419214"
"125706","-304.54723994375274","-304.54723994375274","-304.54723994375274"
"125870","-319.87825390753954","-319.87825390753954","-319.87825390753954"
"125952","-305.5592646932271","-305.5592646932271","-305.5592646932271"
"126034","-340.2636231625038","-340.2636231625038","-340.2636231625038"
"126116","-307.81154981572405","-307.81154981572405","-307.81154981572405"
"126280","-306.9506071734446","-306.9506071734446","-306.9506071734446"
"126362","-313.8058302925387","-313.8058302925387","-313.8058302925387"
"126444","-314.4691585153763","-314.4691585153763","-314.4691585153763"
"126526","-295.00867258279413","-295.00867258279413","-295.00867258279413"
"126608","-315.9171535653728","-315.9171535653728","-315.9171535653728"
"126772","-317.9658648593567","-317.9658648593567","-317.9658648593567"
"126854","-299.38246387579846","-299.38246387579846","-299.38246387579846"
"126936","-341.36457808965577","-341.36457808965577","-341.36457808965577"
"127018","-281.72606439916734","-281.72606439916734","-281.72606439916734"
"127100","-323.28759575805657","-323.28759575805657","-323.28759575805657"
"127264","-288.7123630329637","-288.7123630329637","-288.7123630329637"
"127346","-311.50540101564656","-311.50540101564656","-311.50540101564656"
"127428","-320.20328182696545","-320.20328182696545","-320.20328182696545"
"127510","-296.2204407562576","-296.2204407562576","-296.2204407562576"
"127674","-315.5903139837631","-315.5903139837631","-315.5903139837631"
"127756","-331.0816769148392","-331.0816769148392","-331.0816769148392"
"127838","-297.70439738115755","-297.70439738115755","-297.70439738115755"
"127920","-337.8676560537905","-337.8676560537905","-337.8676560537905"
"128002","-331.88579671977","-331.88579671977","-331.88579671977"
"128166","-306.07915087899744","-306.07915087899744","-306.07915087899744"
"128248","-300.0451868321543","-300.0451868321543","-300.0451868321543"
"128330","-329.50757276232883","-329.50757276232883","-329.50757276232883"
"128412","-335.87359974422435","-335.87359974422435","-335.87359974422435"
"128576","-284.73723231442864","-284.73723231442864","-284.73723231442864"
"128658","-289.1326715607438","-289.1326715607438","-289.1326715607438"
"128740","-331.36224423961073","-331.36224423961073","-331.36224423961073"
"128822","-318.147952371414","-318.147952371414","-318.147952371414"
"128904","-326.4826927498355","-326.4826927498355","-326.4826927498355"
"129068","-308.54643780212666","-308.54643780212666","-308.54643780212666"
"129150","-307.06158053757247","-307.06158053757247","-307.06158053757247"
"129232","-309.1339948508274","-309.1339948508274","-309.1339948508274"
"129314","-300.44892843134966","-300.44892843134966","-300.44892843134966"
"129478","-314.0491285917106","-314.0491285917106","-314.0491285917106"
"129560","-296.7371769704177","-296.7371769704177","-296.7371769704177"
"129642","-309.96591284099276","-309.96591284099276","-309.96591284099276"
"129724","-319.69233558302835","-319.69233558302835","-319.69233558302835"
"129806","-314.9548587725643","-314.9548587725643","-314.9548587725643"
"129970","-281.1731693268885","-281.1731693268885","-281.1731693268885"
"130052","-285.77675528362647","-285.77675528362647","-285.77675528362647"
"130134","-299.3430799113377","-299.3430799113377","-299.3430799113377"
"130216","-328.8271831232512","-328.8271831232512","-328.8271831232512"
"130380","-290.80033741875866","-290.80033741875866","-290.80033741875866"
"130462","-289.71617657682924","-289.71617657682924","-289.71617657682924"
"130544","-299.00308033968554","-299.00308033968554","-299.00308033968554"
"130626","-314.9580546677216","-314.9580546677216","-314.9580546677216"
"130708","-322.3307467556855","-322.3307467556855","-322.3307467556855"
"130872","-320.5851278883118","-320.5851278883118","-320.5851278883118"
"130954","-311.4918496174085","-311.4918496174085","-311.4918496174085"
"131036","-318.16580780784477","-318.16580780784477","-318.16580780784477"
"131118","-271.1994385893088","-271.1994385893088","-271.1994385893088"
"131200","-313.1413498297306","-313.1413498297306","-313.1413498297306"
"131364","-304.658314781627","-304.658314781627","-304.658314781627"
"131446","-313.64850160262233","-313.64850160262233","-313.64850160262233"
"131528","-322.4048799776532","-322.4048799776532","-322.4048799776532"
"131610","-308.8491256092932","-308.8491256092932","-308.8491256092932"
"131774","-268.2813756188953","-268.2813756188953","-268.2813756188953"
"131856","-322.39804763346007","-322.39804763346007","-322.39804763346007"
"131938","-296.0090343715559","-296.0090343715559","-296.0090343715559"
"132020","-325.8597110653073","-325.8597110653073","-325.8597110653073"
"132102","-278.9671715644578","-278.9671715644578","-278.9671715644578"
"132266","-314.99175872440156","-314.99175872440156","-314.99175872440156"
"132348","-305.36006088920783","-305.36006088920783","-305.36006088920783"
"132430","-313.852473392539","-313.852473392539","-313.852473392539"
"132512","-312.46530932616764","-312.46530932616764","-312.46530932616764"
"132676","-334.4094634460261","-334.4094634460261","-334.4094634460261"
"132758","-274.3485756066232","-274.3485756066232","-274.3485756066232"
"132840","-322.076806631784","-322.076806631784","-322.076806631784"
"132922","-343.8450635548907","-343.8450635548907","-343.8450635548907"
"133004","-295.3539174171492","-295.3539174171492","-295.3539174171492"
"133168","-340.63277691372423","-340.63277691372423","-340.63277691372423"
"133250","-294.7177743370797","-294.7177743370797","-294.7177743370797"
"133332","-302.39079669628615","-302.39079669628615","-302.39079669628615"
"133414","-301.1729481927251","-301.1729481927251","-301.1729481927251"